门店ID,数据日期,当日销售额,当日订单量
1101,2026-10-05,465.7,43
BJBS1,2026-10-05,22607.6,326
BJBS10,2026-10-05,24577.16,294
BJBS11,2026-10-05,6528.5,94
BJBS12,2026-10-05,934.91,18
BJBS14,2026-10-05,8103.4,116
BJBS15,2026-10-05,12005.21,139
BJBS17,2026-10-05,5917.8,67
BJBS18,2026-10-05,8627.21,120
BJBS19,2026-10-05,5759.8,58
BJBS20,2026-10-05,18735.75,230
BJBS21,2026-10-05,14601.45,180
BJBS22,2026-10-05,13002.21,183
BJBS23,2026-10-05,8244.2,100
BJBS24,2026-10-05,2574.22,46
BJBS25,2026-10-05,2557.51,36
BJBS26,2026-10-05,8158.56,129
BJBS27,2026-10-05,6961.63,80
BJBS28,2026-10-05,3935.41,48
BJBS29,2026-10-05,4323.15,71
BJBS30,2026-10-05,9172.72,122
BJBS31,2026-10-05,7201.21,97
BJBS32,2026-10-05,5645.4,63
BJBS33,2026-10-05,12881.51,163
BJBS34,2026-10-05,4646.0,69
BJBS35,2026-10-05,7508.65,89
BJBS9,2026-10-05,12403.8,168
BJLK1,2026-10-05,19483.0,105
BJLK2,2026-10-05,21479.4,131
BJLK3,2026-10-05,4327.8,34
BJLK4,2026-10-05,5756.3,38
BJW11,2026-10-05,5863.4,76
BJW15,2026-10-05,6894.19,95
BJW16,2026-10-05,9424.0,120
BJW17,2026-10-05,11971.6,161
BJW19,2026-10-05,2668.0,38
BJW20,2026-10-05,8789.84,103
BJW22,2026-10-05,2038.5,29
BJW25,2026-10-05,9540.22,124
BJW26,2026-10-05,6124.3,79
BJW27,2026-10-05,9408.4,132
BJW3,2026-10-05,11176.65,140
BJW30,2026-10-05,3564.5,36
BJW34,2026-10-05,7468.92,97
BJW38,2026-10-05,3645.75,42
BJW40,2026-10-05,9405.5,124
BJW41,2026-10-05,2632.81,30
BJW45,2026-10-05,1258.9,12
BJW48,2026-10-05,6132.3,81
BJW5,2026-10-05,9439.75,114
BJW50,2026-10-05,6382.9,74
BJW51,2026-10-05,3204.2,33
BJW52,2026-10-05,11399.6,119
BJW53,2026-10-05,5368.5,56
BJW54,2026-10-05,6316.54,77
BJW55,2026-10-05,7433.6,77
BJW56,2026-10-05,6510.21,95
BJW59,2026-10-05,9111.8,95
BJW60,2026-10-05,5667.8,63
BJW61,2026-10-05,9263.45,104
BJW62,2026-10-05,2109.11,32
BJW65,2026-10-05,10854.1,129
BJW66,2026-10-05,4911.01,72
BJW67,2026-10-05,6401.5,68
BJW68,2026-10-05,22433.95,228
BJW70,2026-10-05,3271.81,46
BJW71,2026-10-05,8906.2,94
BJW72,2026-10-05,5947.5,80
BJW73,2026-10-05,12808.4,194
BJW74,2026-10-05,5636.86,71
BJW75,2026-10-05,10010.3,109
BJW76,2026-10-05,5600.33,65
BJW78,2026-10-05,2096.95,31
BJW79,2026-10-05,2293.2,52
BJW80,2026-10-05,11349.7,126
BJW81,2026-10-05,2196.47,22
BJW82,2026-10-05,3907.7,45
BJW84,2026-10-05,3876.92,64
CDBS3,2026-10-05,19973.65,336
CDBS4,2026-10-05,8963.3,111
CDLK1,2026-10-05,9976.8,64
CDW10,2026-10-05,3428.1,42
CDW11,2026-10-05,6200.2,67
CDW12,2026-10-05,2945.26,39
CDW13,2026-10-05,9005.16,115
CDW14,2026-10-05,4922.5,70
CDW15,2026-10-05,10328.96,122
CDW16,2026-10-05,5636.21,79
CDW18,2026-10-05,6149.62,90
CDW19,2026-10-05,8639.65,120
CDW2,2026-10-05,5100.05,73
CDW20,2026-10-05,6629.15,84
CDW22,2026-10-05,13392.2,143
CDW3,2026-10-05,5400.2,58
CDW6,2026-10-05,5547.2,65
CDW8,2026-10-05,4162.2,57
CDW9,2026-10-05,9071.4,122
CQW3,2026-10-05,5556.6,61
CQW5,2026-10-05,7295.4,85
GZBS2,2026-10-05,5611.41,97
GZBS3,2026-10-05,6702.61,100
GZW10,2026-10-05,3063.5,37
GZW11,2026-10-05,12047.81,149
GZW12,2026-10-05,5095.5,65
GZW13,2026-10-05,4380.9,50
GZW14,2026-10-05,4012.7,45
GZW2,2026-10-05,9455.2,112
GZW3,2026-10-05,2056.8,28
GZW5,2026-10-05,16756.12,197
GZW6,2026-10-05,4525.7,52
GZW7,2026-10-05,8950.1,129
GZW8,2026-10-05,6707.9,82
HZBS2,2026-10-05,13121.23,204
HZBS3,2026-10-05,9551.3,113
HZW10,2026-10-05,9263.13,101
HZW13,2026-10-05,6100.18,66
HZW14,2026-10-05,12978.46,155
HZW15,2026-10-05,4857.1,56
HZW16,2026-10-05,3975.5,42
HZW17,2026-10-05,9101.56,100
HZW18,2026-10-05,10047.2,130
HZW19,2026-10-05,7209.1,85
HZW20,2026-10-05,11646.1,125
HZW3,2026-10-05,13483.6,157
HZW5,2026-10-05,3961.2,32
HZW6,2026-10-05,9451.88,120
HZW7,2026-10-05,7615.8,88
HZW8,2026-10-05,5243.45,69
KSW1,2026-10-05,7362.1,89
NBLK1,2026-10-05,7249.2,45
NBW1,2026-10-05,6540.0,72
NBW2,2026-10-05,5879.0,69
NBW5,2026-10-05,3961.91,42
NJBS5,2026-10-05,14893.06,190
NJW10,2026-10-05,7151.28,85
NJW13,2026-10-05,6014.4,80
NJW15,2026-10-05,6193.45,63
NJW16,2026-10-05,7329.1,83
NJW2,2026-10-05,12865.37,137
NJW6,2026-10-05,2961.3,30
NJW7,2026-10-05,1771.9,26
NJW8,2026-10-05,10833.06,126
NJW9,2026-10-05,5729.6,61
QDW1,2026-10-05,23737.7,268
SHBS1,2026-10-05,53521.8,727
SHBS10,2026-10-05,9277.4,127
SHBS11,2026-10-05,13336.36,184
SHBS12,2026-10-05,4382.0,42
SHBS13,2026-10-05,10051.86,112
SHBS14,2026-10-05,11328.86,164
SHBS15,2026-10-05,14297.83,208
SHBS16,2026-10-05,8213.9,126
SHBS17,2026-10-05,5860.24,81
SHBS19,2026-10-05,10863.21,145
SHBS2,2026-10-05,11474.06,176
SHBS21,2026-10-05,11476.57,176
SHBS25,2026-10-05,7439.31,118
SHBS26,2026-10-05,21223.36,270
SHBS27,2026-10-05,8031.56,122
SHBS29,2026-10-05,7471.23,81
SHBS32,2026-10-05,41095.19,618
SHBS33,2026-10-05,7155.91,133
SHBS35,2026-10-05,4664.51,65
SHBS36,2026-10-05,27934.2,1
SHBS37,2026-10-05,7704.7,91
SHBS38,2026-10-05,7107.3,86
SHBS39,2026-10-05,6428.3,82
SHBS40,2026-10-05,9724.75,123
SHBS41,2026-10-05,14434.69,179
SHBS43,2026-10-05,5310.7,63
SHBS46,2026-10-05,13828.17,172
SHBS47,2026-10-05,7781.57,106
SHBS48,2026-10-05,11428.35,165
SHBS49,2026-10-05,16923.2,203
SHBS50,2026-10-05,10001.91,129
SHBS51,2026-10-05,1799.4,19
SHBS52,2026-10-05,7804.01,105
SHBS53,2026-10-05,25030.95,254
SHBS55,2026-10-05,12352.32,158
SHBS56,2026-10-05,17052.54,191
SHBS57,2026-10-05,14233.49,223
SHBS61,2026-10-05,10814.61,141
SHBS62,2026-10-05,13150.39,156
SHBS63,2026-10-05,6531.8,99
SHBS65,2026-10-05,13337.63,159
SHBS66,2026-10-05,14874.36,184
SHBS67,2026-10-05,17814.54,236
SHBS68,2026-10-05,9641.79,120
SHBS69,2026-10-05,9590.35,137
SHBS7,2026-10-05,11276.4,152
SHBS70,2026-10-05,12423.28,181
SHBS71,2026-10-05,17016.0,193
SHBS72,2026-10-05,14612.31,174
SHBS73,2026-10-05,9079.4,100
SHBS74,2026-10-05,9496.33,158
SHBS8,2026-10-05,8062.62,102
SHBS9,2026-10-05,8025.82,120
SHFK9,2026-10-05,5574.7,54
SHLK1,2026-10-05,20076.7,176
SHLK10,2026-10-05,22587.5,175
SHLK12,2026-10-05,44302.18,236
SHLK13,2026-10-05,27484.0,170
SHLK15,2026-10-05,36164.7,263
SHLK17,2026-10-05,9271.1,67
SHLK19,2026-10-05,6209.3,52
SHLK5,2026-10-05,7136.0,55
SHLK6,2026-10-05,7259.95,57
SHLK8,2026-10-05,15384.22,157
SHLK9,2026-10-05,8382.0,68
SHW101,2026-10-05,8448.2,105
SHW102,2026-10-05,5061.7,79
SHW105,2026-10-05,6033.34,75
SHW108,2026-10-05,2839.3,36
SHW109,2026-10-05,9369.86,121
SHW11,2026-10-05,7333.8,93
SHW110,2026-10-05,10081.1,106
SHW112,2026-10-05,4650.2,53
SHW113,2026-10-05,7952.06,86
SHW115,2026-10-05,5093.0,58
SHW116,2026-10-05,6538.95,95
SHW119,2026-10-05,10267.8,126
SHW120,2026-10-05,8520.32,107
SHW122,2026-10-05,2006.7,30
SHW123,2026-10-05,4646.69,57
SHW125,2026-10-05,9589.5,109
SHW126,2026-10-05,4126.3,45
SHW127,2026-10-05,10902.2,128
SHW128,2026-10-05,4939.6,52
SHW129,2026-10-05,5307.0,59
SHW13,2026-10-05,4188.41,50
SHW130,2026-10-05,10745.33,127
SHW132,2026-10-05,8122.8,95
SHW134,2026-10-05,10172.42,144
SHW135,2026-10-05,2511.9,28
SHW136,2026-10-05,7846.9,88
SHW138,2026-10-05,9749.9,114
SHW139,2026-10-05,2844.77,44
SHW140,2026-10-05,11960.49,154
SHW141,2026-10-05,580.7,9
SHW142,2026-10-05,10615.94,1
SHW143,2026-10-05,14446.64,173
SHW145,2026-10-05,5138.8,61
SHW146,2026-10-05,11479.7,121
SHW147,2026-10-05,11562.6,127
SHW149,2026-10-05,14291.2,138
SHW15,2026-10-05,3342.4,43
SHW150,2026-10-05,13762.44,167
SHW16,2026-10-05,4167.63,59
SHW18,2026-10-05,13370.05,182
SHW19,2026-10-05,11911.56,172
SHW24,2026-10-05,6630.49,88
SHW26,2026-10-05,3321.71,36
SHW27,2026-10-05,3751.3,51
SHW31,2026-10-05,12437.68,137
SHW33,2026-10-05,7773.92,88
SHW35,2026-10-05,11429.46,157
SHW37,2026-10-05,10736.55,1
SHW40,2026-10-05,7884.85,96
SHW45,2026-10-05,11949.6,159
SHW46,2026-10-05,9737.03,148
SHW47,2026-10-05,8603.74,125
SHW48,2026-10-05,8994.34,118
SHW49,2026-10-05,11115.01,128
SHW50,2026-10-05,3594.14,49
SHW51,2026-10-05,7164.41,95
SHW52,2026-10-05,2030.35,21
SHW54,2026-10-05,5079.6,58
SHW57,2026-10-05,4251.84,51
SHW59,2026-10-05,10605.29,152
SHW6,2026-10-05,8502.17,111
SHW60,2026-10-05,1942.6,20
SHW65,2026-10-05,9492.97,118
SHW66,2026-10-05,14052.71,172
SHW69,2026-10-05,4505.1,53
SHW7,2026-10-05,11704.39,142
SHW74,2026-10-05,3915.7,46
SHW77,2026-10-05,8451.87,111
SHW8,2026-10-05,5780.2,65
SHW82,2026-10-05,5521.7,69
SHW83,2026-10-05,10023.5,120
SHW87,2026-10-05,2894.9,42
SHW89,2026-10-05,8215.32,105
SHW90,2026-10-05,9620.0,119
SHW91,2026-10-05,10572.56,135
SHW92,2026-10-05,7043.3,92
SHW93,2026-10-05,5394.2,61
SHW94,2026-10-05,1748.84,23
SHW96,2026-10-05,3636.1,38
SHW97,2026-10-05,5392.47,69
SHW99,2026-10-05,9612.6,121
SUZBS2,2026-10-05,10360.3,148
SUZBS3,2026-10-05,14091.95,177
SUZBS6,2026-10-05,8208.03,102
SUZW10,2026-10-05,11696.75,118
SUZW6,2026-10-05,6004.59,68
SUZW7,2026-10-05,6042.51,67
SUZW9,2026-10-05,9837.45,112
SZBS2,2026-10-05,20849.89,290
SZBS7,2026-10-05,10254.8,139
SZBS8,2026-10-05,6507.2,63
SZLK1,2026-10-05,36455.6,206
SZW10,2026-10-05,14076.2,185
SZW14,2026-10-05,13233.96,164
SZW19,2026-10-05,6162.21,78
SZW20,2026-10-05,4784.2,54
SZW22,2026-10-05,6512.76,89
SZW23,2026-10-05,7460.52,104
SZW24,2026-10-05,3232.87,42
SZW25,2026-10-05,4367.3,54
SZW26,2026-10-05,7440.07,128
SZW27,2026-10-05,4122.9,52
SZW6,2026-10-05,9426.21,111
SZW9,2026-10-05,9276.88,109
TJW1,2026-10-05,15391.82,174
TJW2,2026-10-05,6864.0,72
TJW3,2026-10-05,7842.42,84
TJW4,2026-10-05,8843.9,96
WHW1,2026-10-05,6149.8,62
WHW2,2026-10-05,8184.4,97
WHW3,2026-10-05,10158.88,132
WHW6,2026-10-05,3213.31,42
WXW1,2026-10-05,9190.53,102
WXW2,2026-10-05,7323.6,93
WXW5,2026-10-05,6325.94,82
WZW2,2026-10-05,10123.34,126
XIAW1,2026-10-05,14230.68,166
XIAW2,2026-10-05,7462.1,75
XIAW3,2026-10-05,6658.7,78
ZHBS1,2026-10-05,4124.8,48
ZHBS2,2026-10-05,8773.32,115
