门店ID,营业日期,渠道,渠道销售额,渠道订单量
1101,2026-07-09,虚拟店权益卡,1129.2,108
1101,2026-07-10,虚拟店权益卡,1347.2,128
1101,2026-07-11,虚拟店权益卡,1436.3,137
1101,2026-07-12,虚拟店权益卡,1020.3,97
1127,2026-07-12,虚拟店权益卡,9.9,1
BJBS1,2026-07-09,外卖,14069.2,220
BJBS1,2026-07-09,店内,20390.06,306
BJBS1,2026-07-10,外卖,13142.5,186
BJBS1,2026-07-10,店内,14642.3,218
BJBS1,2026-07-11,外卖,13144.8,173
BJBS1,2026-07-11,店内,17678.37,224
BJBS1,2026-07-12,外卖,10849.5,151
BJBS1,2026-07-12,店内,16971.96,233
BJBS10,2026-07-09,外卖,17843.3,246
BJBS10,2026-07-09,店内,13456.43,147
BJBS10,2026-07-10,外卖,14090.1,188
BJBS10,2026-07-10,店内,7775.7,106
BJBS10,2026-07-11,外卖,15750.35,198
BJBS10,2026-07-11,店内,13803.7,181
BJBS10,2026-07-12,外卖,17377.85,206
BJBS10,2026-07-12,店内,13180.3,159
BJBS11,2026-07-09,外卖,7877.8,115
BJBS11,2026-07-09,店内,7773.82,99
BJBS11,2026-07-10,外卖,7213.9,100
BJBS11,2026-07-10,店内,6958.3,81
BJBS11,2026-07-11,外卖,5696.7,70
BJBS11,2026-07-11,店内,4708.3,71
BJBS11,2026-07-12,外卖,4774.65,56
BJBS11,2026-07-12,店内,5464.45,76
BJBS12,2026-07-09,外卖,6069.7,87
BJBS12,2026-07-09,店内,8357.5,101
BJBS12,2026-07-10,外卖,5501.9,83
BJBS12,2026-07-10,店内,6656.6,102
BJBS12,2026-07-11,外卖,4680.9,71
BJBS12,2026-07-11,店内,4040.62,64
BJBS12,2026-07-12,外卖,5309.8,85
BJBS12,2026-07-12,店内,3898.0,52
BJBS13,2026-07-09,外卖,3381.5,54
BJBS13,2026-07-09,店内,11687.31,147
BJBS13,2026-07-10,外卖,4630.0,58
BJBS13,2026-07-10,店内,5346.0,89
BJBS13,2026-07-11,外卖,769.2,8
BJBS13,2026-07-11,店内,1746.71,33
BJBS13,2026-07-12,外卖,1099.4,14
BJBS13,2026-07-12,店内,3363.4,66
BJBS14,2026-07-09,外卖,8666.6,123
BJBS14,2026-07-09,店内,9199.48,130
BJBS14,2026-07-10,外卖,6824.2,109
BJBS14,2026-07-10,店内,5426.7,83
BJBS14,2026-07-11,外卖,8440.65,111
BJBS14,2026-07-11,店内,6893.63,112
BJBS14,2026-07-12,外卖,7337.2,99
BJBS14,2026-07-12,店内,8048.51,125
BJBS15,2026-07-09,外卖,4137.9,53
BJBS15,2026-07-09,店内,4572.01,48
BJBS15,2026-07-10,外卖,4350.7,54
BJBS15,2026-07-10,店内,3888.25,39
BJBS15,2026-07-11,外卖,5046.85,61
BJBS15,2026-07-11,店内,5804.8,68
BJBS15,2026-07-12,外卖,5912.65,62
BJBS15,2026-07-12,店内,8471.14,101
BJBS17,2026-07-09,外卖,9013.1,119
BJBS17,2026-07-09,店内,3987.88,54
BJBS17,2026-07-10,外卖,7669.45,101
BJBS17,2026-07-10,店内,4024.27,44
BJBS17,2026-07-11,外卖,4953.36,71
BJBS17,2026-07-11,店内,5060.1,55
BJBS17,2026-07-12,外卖,6513.47,74
BJBS17,2026-07-12,店内,4751.49,68
BJBS18,2026-07-09,外卖,12039.8,155
BJBS18,2026-07-09,店内,5113.81,67
BJBS18,2026-07-10,外卖,10617.1,147
BJBS18,2026-07-10,店内,3849.11,50
BJBS18,2026-07-11,外卖,13737.0,156
BJBS18,2026-07-11,店内,5753.2,77
BJBS18,2026-07-12,外卖,13325.4,167
BJBS18,2026-07-12,店内,4716.82,62
BJBS19,2026-07-09,外卖,7935.7,103
BJBS19,2026-07-09,店内,2642.95,33
BJBS19,2026-07-10,外卖,8444.1,105
BJBS19,2026-07-10,店内,3336.8,37
BJBS19,2026-07-11,外卖,8173.0,99
BJBS19,2026-07-11,店内,5234.45,59
BJBS19,2026-07-12,外卖,6839.6,84
BJBS19,2026-07-12,店内,4580.4,49
BJBS20,2026-07-09,外卖,10838.7,160
BJBS20,2026-07-09,店内,17497.8,203
BJBS20,2026-07-10,外卖,12828.2,164
BJBS20,2026-07-10,店内,12897.55,186
BJBS20,2026-07-11,外卖,12176.8,154
BJBS20,2026-07-11,店内,19600.34,230
BJBS20,2026-07-12,外卖,9876.7,138
BJBS20,2026-07-12,店内,20749.05,269
BJBS21,2026-07-09,外卖,3833.58,45
BJBS21,2026-07-09,店内,11687.2,165
BJBS21,2026-07-10,外卖,3351.7,36
BJBS21,2026-07-10,店内,11315.64,140
BJBS21,2026-07-11,外卖,3283.9,38
BJBS21,2026-07-11,店内,17354.75,226
BJBS21,2026-07-12,外卖,2841.2,33
BJBS21,2026-07-12,店内,15275.04,225
BJBS22,2026-07-09,外卖,11668.4,173
BJBS22,2026-07-09,店内,8767.85,138
BJBS22,2026-07-10,外卖,13164.3,174
BJBS22,2026-07-10,店内,5337.21,76
BJBS22,2026-07-11,外卖,12051.8,168
BJBS22,2026-07-11,店内,9959.61,150
BJBS22,2026-07-12,外卖,14453.1,189
BJBS22,2026-07-12,店内,13214.29,187
BJBS23,2026-07-09,外卖,9339.1,132
BJBS23,2026-07-09,店内,6885.1,88
BJBS23,2026-07-10,外卖,11161.9,143
BJBS23,2026-07-10,店内,7036.4,103
BJBS23,2026-07-11,外卖,9348.6,119
BJBS23,2026-07-11,店内,8242.82,122
BJBS23,2026-07-12,外卖,8922.0,115
BJBS23,2026-07-12,店内,7984.8,114
BJBS24,2026-07-09,外卖,4071.8,68
BJBS24,2026-07-09,店内,6304.35,93
BJBS24,2026-07-10,外卖,4050.1,65
BJBS24,2026-07-10,店内,4758.36,56
BJBS24,2026-07-11,外卖,3275.9,53
BJBS24,2026-07-11,店内,5251.5,63
BJBS24,2026-07-12,外卖,3280.7,45
BJBS24,2026-07-12,店内,3444.7,56
BJBS25,2026-07-09,外卖,4764.5,74
BJBS25,2026-07-09,店内,2015.83,38
BJBS25,2026-07-10,外卖,4302.5,65
BJBS25,2026-07-10,店内,1627.61,29
BJBS25,2026-07-11,外卖,6046.2,93
BJBS25,2026-07-11,店内,3215.1,35
BJBS25,2026-07-12,外卖,4763.2,68
BJBS25,2026-07-12,店内,2780.62,38
BJBS26,2026-07-09,外卖,11214.8,180
BJBS26,2026-07-09,店内,8684.31,140
BJBS26,2026-07-10,外卖,9584.15,163
BJBS26,2026-07-10,店内,8175.92,150
BJBS26,2026-07-11,外卖,9011.8,135
BJBS26,2026-07-11,店内,10645.0,148
BJBS26,2026-07-12,外卖,7988.5,105
BJBS26,2026-07-12,店内,7434.13,140
BJBS27,2026-07-09,外卖,10530.2,142
BJBS27,2026-07-09,店内,3944.6,68
BJBS27,2026-07-10,外卖,10138.1,136
BJBS27,2026-07-10,店内,3246.35,42
BJBS27,2026-07-11,外卖,10891.1,131
BJBS27,2026-07-11,店内,2581.0,47
BJBS27,2026-07-12,外卖,9122.7,115
BJBS27,2026-07-12,店内,5275.05,82
BJBS28,2026-07-09,外卖,5998.9,73
BJBS28,2026-07-09,店内,3535.9,45
BJBS28,2026-07-10,外卖,3379.2,51
BJBS28,2026-07-10,店内,1715.41,29
BJBS28,2026-07-11,外卖,2873.6,46
BJBS28,2026-07-11,店内,2127.63,37
BJBS28,2026-07-12,外卖,5325.3,79
BJBS28,2026-07-12,店内,3790.5,47
BJBS29,2026-07-09,外卖,3148.5,44
BJBS29,2026-07-09,店内,8579.45,119
BJBS29,2026-07-10,外卖,1890.4,35
BJBS29,2026-07-10,店内,8062.9,118
BJBS29,2026-07-11,外卖,1979.8,27
BJBS29,2026-07-11,店内,6137.58,84
BJBS29,2026-07-12,外卖,1468.9,26
BJBS29,2026-07-12,店内,7596.06,96
BJBS30,2026-07-09,外卖,9349.0,122
BJBS30,2026-07-09,店内,17605.51,238
BJBS30,2026-07-10,外卖,8112.0,122
BJBS30,2026-07-10,店内,11896.19,174
BJBS30,2026-07-11,外卖,7446.0,110
BJBS30,2026-07-11,店内,12070.55,186
BJBS30,2026-07-12,外卖,7608.7,115
BJBS30,2026-07-12,店内,19051.13,243
BJBS31,2026-07-09,外卖,9993.8,138
BJBS31,2026-07-09,店内,7138.87,104
BJBS31,2026-07-10,外卖,8340.2,112
BJBS31,2026-07-10,店内,7086.9,88
BJBS31,2026-07-11,外卖,7158.5,97
BJBS31,2026-07-11,店内,7453.3,109
BJBS31,2026-07-12,外卖,6838.4,88
BJBS31,2026-07-12,店内,8680.2,142
BJBS32,2026-07-09,外卖,5644.1,87
BJBS32,2026-07-09,店内,11002.32,125
BJBS32,2026-07-10,外卖,5073.4,78
BJBS32,2026-07-10,店内,5466.25,82
BJBS32,2026-07-11,外卖,6267.8,71
BJBS32,2026-07-11,店内,5609.07,82
BJBS32,2026-07-12,外卖,4083.5,70
BJBS32,2026-07-12,店内,7740.88,94
BJBS33,2026-07-09,外卖,9145.4,138
BJBS33,2026-07-09,店内,6206.7,89
BJBS33,2026-07-10,外卖,7343.8,118
BJBS33,2026-07-10,店内,6464.81,91
BJBS33,2026-07-11,外卖,7654.2,105
BJBS33,2026-07-11,店内,11455.5,134
BJBS33,2026-07-12,外卖,8140.7,108
BJBS33,2026-07-12,店内,9773.87,144
BJBS34,2026-07-09,外卖,2501.8,42
BJBS34,2026-07-09,店内,6568.2,96
BJBS34,2026-07-10,外卖,1623.9,26
BJBS34,2026-07-10,店内,6882.41,87
BJBS34,2026-07-11,外卖,2076.4,38
BJBS34,2026-07-11,店内,5617.31,101
BJBS34,2026-07-12,外卖,2664.1,43
BJBS34,2026-07-12,店内,6836.81,113
BJBS35,2026-07-09,外卖,6530.4,70
BJBS35,2026-07-09,店内,9001.3,128
BJBS35,2026-07-10,外卖,4248.0,64
BJBS35,2026-07-10,店内,8928.17,123
BJBS35,2026-07-11,外卖,4351.0,55
BJBS35,2026-07-11,店内,15460.55,196
BJBS35,2026-07-12,外卖,4557.0,70
BJBS35,2026-07-12,店内,10606.43,173
BJBS9,2026-07-09,外卖,6333.5,95
BJBS9,2026-07-09,店内,9211.43,139
BJBS9,2026-07-10,外卖,7519.9,104
BJBS9,2026-07-10,店内,8816.15,126
BJBS9,2026-07-11,外卖,7324.6,107
BJBS9,2026-07-11,店内,10775.03,154
BJBS9,2026-07-12,外卖,6264.2,106
BJBS9,2026-07-12,店内,13102.61,176
BJLK1,2026-07-09,外卖,4017.0,28
BJLK1,2026-07-09,店内,25058.4,164
BJLK1,2026-07-10,外卖,2489.4,21
BJLK1,2026-07-10,店内,7487.9,63
BJLK1,2026-07-11,外卖,4141.5,27
BJLK1,2026-07-11,店内,34335.5,212
BJLK1,2026-07-12,外卖,2276.5,21
BJLK1,2026-07-12,店内,36116.65,190
BJLK2,2026-07-09,外卖,2415.4,22
BJLK2,2026-07-09,店内,14278.8,109
BJLK2,2026-07-10,外卖,4171.9,30
BJLK2,2026-07-10,店内,12124.4,85
BJLK2,2026-07-11,外卖,3299.0,23
BJLK2,2026-07-11,店内,20012.1,121
BJLK2,2026-07-12,外卖,1305.0,13
BJLK2,2026-07-12,店内,21060.35,140
BJLK3,2026-07-09,外卖,3110.9,22
BJLK3,2026-07-09,店内,10381.2,93
BJLK3,2026-07-10,外卖,2684.0,20
BJLK3,2026-07-10,店内,5644.7,72
BJLK3,2026-07-11,外卖,2619.9,25
BJLK3,2026-07-11,店内,12455.15,114
BJLK3,2026-07-12,外卖,1417.0,13
BJLK3,2026-07-12,店内,12864.24,120
BJLK4,2026-07-09,外卖,4235.0,36
BJLK4,2026-07-09,店内,6098.8,41
BJLK4,2026-07-10,外卖,3770.4,28
BJLK4,2026-07-10,店内,3949.0,29
BJLK4,2026-07-11,外卖,2900.5,27
BJLK4,2026-07-11,店内,7010.3,48
BJLK4,2026-07-12,外卖,3286.4,24
BJLK4,2026-07-12,店内,8011.55,56
BJW11,2026-07-09,外卖,9728.8,135
BJW11,2026-07-09,店内,7693.79,85
BJW11,2026-07-10,外卖,7716.4,112
BJW11,2026-07-10,店内,5097.44,70
BJW11,2026-07-11,外卖,7254.6,98
BJW11,2026-07-11,店内,7492.64,104
BJW11,2026-07-12,外卖,6262.9,83
BJW11,2026-07-12,店内,5101.84,74
BJW15,2026-07-09,外卖,12359.1,158
BJW15,2026-07-09,店内,10682.85,118
BJW15,2026-07-10,外卖,9468.81,124
BJW15,2026-07-10,店内,8918.53,93
BJW15,2026-07-11,外卖,5909.5,78
BJW15,2026-07-11,店内,8637.39,109
BJW15,2026-07-12,外卖,5697.2,71
BJW15,2026-07-12,店内,9516.09,126
BJW16,2026-07-09,外卖,17181.11,240
BJW16,2026-07-09,店内,4711.42,63
BJW16,2026-07-10,外卖,15677.8,230
BJW16,2026-07-10,店内,4119.36,62
BJW16,2026-07-11,外卖,13889.9,187
BJW16,2026-07-11,店内,5599.72,74
BJW16,2026-07-12,外卖,14241.1,199
BJW16,2026-07-12,店内,5077.35,70
BJW17,2026-07-09,外卖,11265.5,169
BJW17,2026-07-09,店内,8159.08,103
BJW17,2026-07-10,外卖,12813.2,166
BJW17,2026-07-10,店内,7188.02,92
BJW17,2026-07-11,外卖,9577.6,132
BJW17,2026-07-11,店内,11057.47,134
BJW17,2026-07-12,外卖,9797.8,128
BJW17,2026-07-12,店内,9363.83,123
BJW19,2026-07-09,外卖,5562.5,81
BJW19,2026-07-09,店内,9152.25,118
BJW19,2026-07-10,外卖,5758.5,81
BJW19,2026-07-10,店内,8127.39,101
BJW19,2026-07-11,外卖,4340.7,63
BJW19,2026-07-11,店内,4088.74,50
BJW19,2026-07-12,外卖,4146.2,55
BJW19,2026-07-12,店内,4842.92,56
BJW20,2026-07-09,外卖,8840.6,126
BJW20,2026-07-09,店内,7920.29,98
BJW20,2026-07-10,外卖,8205.9,120
BJW20,2026-07-10,店内,6196.8,79
BJW20,2026-07-11,外卖,4098.71,66
BJW20,2026-07-11,店内,6320.81,78
BJW20,2026-07-12,外卖,4625.7,60
BJW20,2026-07-12,店内,5849.52,74
BJW22,2026-07-09,外卖,2175.4,35
BJW22,2026-07-09,店内,5716.64,66
BJW22,2026-07-10,外卖,1806.9,29
BJW22,2026-07-10,店内,3942.71,57
BJW22,2026-07-11,外卖,1278.9,14
BJW22,2026-07-11,店内,2970.2,34
BJW22,2026-07-12,外卖,989.1,9
BJW22,2026-07-12,店内,3388.51,35
BJW24,2026-07-09,外卖,4332.5,64
BJW24,2026-07-09,店内,11029.49,108
BJW24,2026-07-10,外卖,4980.1,69
BJW24,2026-07-10,店内,6647.22,81
BJW24,2026-07-11,外卖,1575.3,18
BJW24,2026-07-11,店内,3440.64,29
BJW24,2026-07-12,外卖,850.4,11
BJW24,2026-07-12,店内,3529.66,35
BJW25,2026-07-09,外卖,13251.4,194
BJW25,2026-07-09,店内,11183.56,134
BJW25,2026-07-10,外卖,11524.5,158
BJW25,2026-07-10,店内,8663.96,104
BJW25,2026-07-11,外卖,9811.8,134
BJW25,2026-07-11,店内,6189.96,87
BJW25,2026-07-12,外卖,6379.1,99
BJW25,2026-07-12,店内,9682.02,129
BJW26,2026-07-09,外卖,7636.7,143
BJW26,2026-07-09,店内,5931.71,72
BJW26,2026-07-10,外卖,6476.5,80
BJW26,2026-07-10,店内,5143.12,63
BJW26,2026-07-11,外卖,5859.4,62
BJW26,2026-07-11,店内,5300.41,68
BJW26,2026-07-12,外卖,5934.7,64
BJW26,2026-07-12,店内,6217.43,74
BJW27,2026-07-09,外卖,8878.2,148
BJW27,2026-07-09,店内,7474.15,104
BJW27,2026-07-10,外卖,8383.5,123
BJW27,2026-07-10,店内,6538.92,97
BJW27,2026-07-11,外卖,6035.14,82
BJW27,2026-07-11,店内,7251.94,96
BJW27,2026-07-12,外卖,7366.5,114
BJW27,2026-07-12,店内,7245.29,96
BJW28,2026-07-09,外卖,9899.71,149
BJW28,2026-07-09,店内,11443.27,131
BJW28,2026-07-10,外卖,8981.3,145
BJW28,2026-07-10,店内,5758.32,74
BJW28,2026-07-11,外卖,1583.8,19
BJW28,2026-07-11,店内,1554.35,18
BJW28,2026-07-12,外卖,1293.94,15
BJW28,2026-07-12,店内,1080.55,14
BJW3,2026-07-09,外卖,15152.6,214
BJW3,2026-07-09,店内,10214.87,118
BJW3,2026-07-10,外卖,14420.9,165
BJW3,2026-07-10,店内,7767.47,98
BJW3,2026-07-11,外卖,9463.5,138
BJW3,2026-07-11,店内,6212.07,78
BJW3,2026-07-12,外卖,9036.42,122
BJW3,2026-07-12,店内,5845.63,73
BJW30,2026-07-09,外卖,11253.0,156
BJW30,2026-07-09,店内,5038.51,61
BJW30,2026-07-10,外卖,8413.31,111
BJW30,2026-07-10,店内,4215.12,51
BJW30,2026-07-11,外卖,6054.1,82
BJW30,2026-07-11,店内,2031.55,26
BJW30,2026-07-12,外卖,6047.6,79
BJW30,2026-07-12,店内,2414.82,35
BJW34,2026-07-09,外卖,11673.9,176
BJW34,2026-07-09,店内,9573.43,114
BJW34,2026-07-10,外卖,11053.0,163
BJW34,2026-07-10,店内,6779.87,85
BJW34,2026-07-11,外卖,8145.8,102
BJW34,2026-07-11,店内,7400.69,113
BJW34,2026-07-12,外卖,7632.7,113
BJW34,2026-07-12,店内,7060.47,113
BJW38,2026-07-09,外卖,5585.5,73
BJW38,2026-07-09,店内,5324.82,57
BJW38,2026-07-10,外卖,4141.4,53
BJW38,2026-07-10,店内,3539.27,43
BJW38,2026-07-11,外卖,3721.8,44
BJW38,2026-07-11,店内,2716.57,33
BJW38,2026-07-12,外卖,2702.9,29
BJW38,2026-07-12,店内,1575.97,24
BJW39,2026-07-09,外卖,6610.9,56
BJW39,2026-07-09,店内,6275.37,89
BJW39,2026-07-10,外卖,2595.8,36
BJW39,2026-07-10,店内,5508.4,79
BJW39,2026-07-11,外卖,781.2,11
BJW39,2026-07-11,店内,3622.01,36
BJW39,2026-07-12,外卖,854.4,11
BJW39,2026-07-12,店内,1560.55,20
BJW40,2026-07-09,外卖,11010.0,144
BJW40,2026-07-09,店内,8291.0,96
BJW40,2026-07-10,外卖,12211.8,159
BJW40,2026-07-10,店内,6007.64,78
BJW40,2026-07-11,外卖,10053.6,126
BJW40,2026-07-11,店内,8868.5,113
BJW40,2026-07-12,外卖,9989.5,112
BJW40,2026-07-12,店内,7958.6,95
BJW41,2026-07-09,外卖,6351.9,79
BJW41,2026-07-09,店内,6920.38,89
BJW41,2026-07-10,外卖,5000.3,77
BJW41,2026-07-10,店内,4554.8,65
BJW41,2026-07-11,外卖,3474.4,51
BJW41,2026-07-11,店内,2916.58,41
BJW41,2026-07-12,外卖,3488.1,49
BJW41,2026-07-12,店内,2186.31,31
BJW42,2026-07-09,外卖,9681.6,151
BJW42,2026-07-09,店内,9701.45,102
BJW42,2026-07-10,外卖,6301.8,102
BJW42,2026-07-10,店内,7477.05,89
BJW42,2026-07-11,外卖,4628.71,58
BJW42,2026-07-11,店内,1611.1,21
BJW42,2026-07-12,外卖,3538.7,49
BJW42,2026-07-12,店内,2881.31,34
BJW43,2026-07-09,外卖,9681.8,130
BJW43,2026-07-09,店内,4571.78,45
BJW43,2026-07-10,外卖,7821.9,104
BJW43,2026-07-10,店内,2332.35,24
BJW43,2026-07-11,外卖,3820.7,49
BJW43,2026-07-11,店内,2225.3,20
BJW43,2026-07-12,外卖,3819.1,47
BJW43,2026-07-12,店内,1571.83,21
BJW45,2026-07-09,外卖,11518.5,164
BJW45,2026-07-09,店内,4470.43,47
BJW45,2026-07-10,外卖,9774.21,132
BJW45,2026-07-10,店内,4877.94,57
BJW45,2026-07-11,外卖,9138.6,118
BJW45,2026-07-11,店内,1426.06,15
BJW45,2026-07-12,外卖,6768.2,90
BJW45,2026-07-12,店内,2179.1,27
BJW46,2026-07-09,店内,18479.91,233
BJW46,2026-07-10,店内,16772.78,189
BJW48,2026-07-09,外卖,15442.1,198
BJW48,2026-07-09,店内,18219.17,174
BJW48,2026-07-10,外卖,11459.9,152
BJW48,2026-07-10,店内,8619.51,109
BJW48,2026-07-11,外卖,10330.7,146
BJW48,2026-07-11,店内,4043.53,49
BJW48,2026-07-12,外卖,11412.9,154
BJW48,2026-07-12,店内,4456.79,41
BJW49,2026-07-09,外卖,8969.6,127
BJW49,2026-07-09,店内,5498.22,63
BJW49,2026-07-10,外卖,5681.56,77
BJW49,2026-07-10,店内,3529.72,45
BJW5,2026-07-09,外卖,11506.8,156
BJW5,2026-07-09,店内,9217.79,118
BJW5,2026-07-10,外卖,10413.2,145
BJW5,2026-07-10,店内,5916.2,80
BJW5,2026-07-11,外卖,11752.9,161
BJW5,2026-07-11,店内,11625.02,134
BJW5,2026-07-12,外卖,10478.6,139
BJW5,2026-07-12,店内,9262.79,130
BJW50,2026-07-09,外卖,4249.6,65
BJW50,2026-07-09,店内,4085.6,48
BJW50,2026-07-10,外卖,3940.6,41
BJW50,2026-07-10,店内,4079.4,47
BJW50,2026-07-11,外卖,3895.6,47
BJW50,2026-07-11,店内,11055.47,103
BJW50,2026-07-12,外卖,4995.7,52
BJW50,2026-07-12,店内,7171.55,83
BJW51,2026-07-09,外卖,3374.1,43
BJW51,2026-07-09,店内,2222.18,34
BJW51,2026-07-10,外卖,3577.42,43
BJW51,2026-07-10,店内,3011.32,41
BJW51,2026-07-11,外卖,3262.2,38
BJW51,2026-07-11,店内,3407.98,52
BJW51,2026-07-12,外卖,4193.4,44
BJW51,2026-07-12,店内,3263.46,46
BJW52,2026-07-09,外卖,21234.2,231
BJW52,2026-07-09,店内,5462.24,52
BJW52,2026-07-10,外卖,16358.41,196
BJW52,2026-07-10,店内,3973.12,45
BJW52,2026-07-11,外卖,14247.21,192
BJW52,2026-07-11,店内,5115.66,57
BJW52,2026-07-12,外卖,15541.5,196
BJW52,2026-07-12,店内,9757.74,49
BJW53,2026-07-09,外卖,8965.3,114
BJW53,2026-07-09,店内,2254.2,31
BJW53,2026-07-10,外卖,8549.7,110
BJW53,2026-07-10,店内,1073.9,21
BJW53,2026-07-11,外卖,10218.58,126
BJW53,2026-07-11,店内,5060.31,54
BJW53,2026-07-12,外卖,9480.64,123
BJW53,2026-07-12,店内,4714.64,60
BJW54,2026-07-09,外卖,4798.5,63
BJW54,2026-07-09,店内,4677.45,67
BJW54,2026-07-10,外卖,4766.0,62
BJW54,2026-07-10,店内,3232.5,56
BJW54,2026-07-11,外卖,3455.3,51
BJW54,2026-07-11,店内,6183.47,86
BJW54,2026-07-12,外卖,3731.3,48
BJW54,2026-07-12,店内,5982.57,88
BJW55,2026-07-09,外卖,4473.9,64
BJW55,2026-07-09,店内,7475.04,89
BJW55,2026-07-10,外卖,5114.2,65
BJW55,2026-07-10,店内,5891.37,75
BJW55,2026-07-11,外卖,5579.65,62
BJW55,2026-07-11,店内,9471.92,104
BJW55,2026-07-12,外卖,5156.0,60
BJW55,2026-07-12,店内,7435.72,82
BJW56,2026-07-09,外卖,5913.8,89
BJW56,2026-07-09,店内,9457.92,140
BJW56,2026-07-10,外卖,6088.4,87
BJW56,2026-07-10,店内,8112.16,102
BJW56,2026-07-11,外卖,7493.4,92
BJW56,2026-07-11,店内,8161.25,128
BJW56,2026-07-12,外卖,7651.2,103
BJW56,2026-07-12,店内,5837.59,83
BJW57,2026-07-09,外卖,3229.9,41
BJW57,2026-07-09,店内,8066.05,118
BJW57,2026-07-10,外卖,4226.8,38
BJW57,2026-07-10,店内,6310.86,80
BJW57,2026-07-11,外卖,592.6,7
BJW57,2026-07-11,店内,2219.15,24
BJW57,2026-07-12,外卖,666.7,10
BJW57,2026-07-12,店内,1130.52,16
BJW58,2026-07-09,外卖,6376.1,73
BJW58,2026-07-09,店内,7205.56,88
BJW58,2026-07-10,外卖,4602.0,53
BJW58,2026-07-10,店内,1452.15,21
BJW58,2026-07-11,外卖,2332.0,27
BJW58,2026-07-11,店内,2887.77,30
BJW58,2026-07-12,外卖,2519.0,21
BJW58,2026-07-12,店内,3030.85,44
BJW59,2026-07-09,外卖,7341.2,121
BJW59,2026-07-09,店内,10635.59,126
BJW59,2026-07-10,外卖,9068.6,132
BJW59,2026-07-10,店内,7843.76,98
BJW59,2026-07-11,外卖,5722.9,74
BJW59,2026-07-11,店内,9062.47,108
BJW59,2026-07-12,外卖,6083.11,82
BJW59,2026-07-12,店内,9526.81,110
BJW60,2026-07-09,外卖,11036.0,162
BJW60,2026-07-09,店内,5903.28,77
BJW60,2026-07-10,外卖,9321.4,120
BJW60,2026-07-10,店内,3664.96,52
BJW60,2026-07-11,外卖,6370.3,79
BJW60,2026-07-11,店内,4290.4,51
BJW60,2026-07-12,外卖,4567.7,63
BJW60,2026-07-12,店内,5989.12,79
BJW61,2026-07-09,外卖,4784.7,71
BJW61,2026-07-09,店内,9226.24,102
BJW61,2026-07-10,外卖,5917.3,73
BJW61,2026-07-10,店内,6039.39,78
BJW61,2026-07-11,外卖,6639.1,79
BJW61,2026-07-11,店内,6885.94,99
BJW61,2026-07-12,外卖,4382.7,63
BJW61,2026-07-12,店内,7486.83,95
BJW62,2026-07-09,外卖,1955.2,22
BJW62,2026-07-09,店内,5283.0,64
BJW62,2026-07-10,外卖,3215.6,38
BJW62,2026-07-10,店内,3141.49,36
BJW62,2026-07-11,外卖,973.7,13
BJW62,2026-07-11,店内,4024.51,52
BJW62,2026-07-12,外卖,1408.4,13
BJW62,2026-07-12,店内,3774.76,65
BJW63,2026-07-09,外卖,9037.5,128
BJW63,2026-07-09,店内,3457.36,34
BJW63,2026-07-10,外卖,7504.0,101
BJW63,2026-07-10,店内,2301.9,27
BJW63,2026-07-11,外卖,3960.9,47
BJW63,2026-07-11,店内,2318.41,20
BJW63,2026-07-12,外卖,4061.2,54
BJW63,2026-07-12,店内,1594.97,15
BJW65,2026-07-09,外卖,11498.3,158
BJW65,2026-07-09,店内,11037.78,78
BJW65,2026-07-10,外卖,11603.9,167
BJW65,2026-07-10,店内,4789.2,55
BJW65,2026-07-11,外卖,11256.9,152
BJW65,2026-07-11,店内,6561.93,83
BJW65,2026-07-12,外卖,10691.7,139
BJW65,2026-07-12,店内,8841.61,83
BJW66,2026-07-09,外卖,9142.7,121
BJW66,2026-07-09,店内,6793.64,102
BJW66,2026-07-10,外卖,6412.1,87
BJW66,2026-07-10,店内,5543.71,79
BJW66,2026-07-11,外卖,4902.11,67
BJW66,2026-07-11,店内,2584.37,52
BJW66,2026-07-12,外卖,5088.21,67
BJW66,2026-07-12,店内,4628.4,63
BJW67,2026-07-09,外卖,8907.1,112
BJW67,2026-07-09,店内,6058.22,88
BJW67,2026-07-10,外卖,9439.4,126
BJW67,2026-07-10,店内,5977.95,75
BJW67,2026-07-11,外卖,6974.0,98
BJW67,2026-07-11,店内,8126.06,99
BJW67,2026-07-12,外卖,7334.3,96
BJW67,2026-07-12,店内,7230.48,95
BJW68,2026-07-09,外卖,1123.2,18
BJW68,2026-07-09,店内,5226.61,58
BJW68,2026-07-10,外卖,1447.7,20
BJW68,2026-07-10,店内,4546.64,47
BJW68,2026-07-11,外卖,1692.4,19
BJW68,2026-07-11,店内,9871.82,90
BJW68,2026-07-12,外卖,1259.7,18
BJW68,2026-07-12,店内,12304.11,140
BJW69,2026-07-09,外卖,2868.6,37
BJW69,2026-07-09,店内,17230.9,227
BJW69,2026-07-10,外卖,2436.3,34
BJW69,2026-07-10,店内,15606.45,223
BJW69,2026-07-11,外卖,761.4,8
BJW69,2026-07-11,店内,3207.87,37
BJW69,2026-07-12,外卖,1077.9,12
BJW69,2026-07-12,店内,2698.75,40
BJW70,2026-07-09,外卖,6202.1,89
BJW70,2026-07-09,店内,6011.24,82
BJW70,2026-07-10,外卖,5806.8,86
BJW70,2026-07-10,店内,4249.65,67
BJW70,2026-07-11,外卖,6721.7,95
BJW70,2026-07-11,店内,6680.59,79
BJW70,2026-07-12,外卖,7049.1,92
BJW70,2026-07-12,店内,7111.04,91
BJW71,2026-07-09,外卖,8042.7,107
BJW71,2026-07-09,店内,3778.27,42
BJW71,2026-07-10,外卖,8322.8,105
BJW71,2026-07-10,店内,3825.08,48
BJW71,2026-07-11,外卖,10719.1,123
BJW71,2026-07-11,店内,4598.67,53
BJW71,2026-07-12,外卖,8389.5,104
BJW71,2026-07-12,店内,6244.44,57
BJW72,2026-07-09,外卖,8126.0,115
BJW72,2026-07-09,店内,7397.34,98
BJW72,2026-07-10,外卖,9169.6,142
BJW72,2026-07-10,店内,4422.91,62
BJW72,2026-07-11,外卖,7961.7,124
BJW72,2026-07-11,店内,6926.06,92
BJW72,2026-07-12,外卖,8553.5,120
BJW72,2026-07-12,店内,7338.37,94
BJW73,2026-07-09,店内,14754.4,188
BJW73,2026-07-10,店内,17849.8,231
BJW73,2026-07-11,店内,14362.0,177
BJW73,2026-07-12,店内,15855.3,193
BJW74,2026-07-09,外卖,8442.0,102
BJW74,2026-07-09,店内,4841.38,78
BJW74,2026-07-10,外卖,8049.4,97
BJW74,2026-07-10,店内,5392.48,76
BJW74,2026-07-11,外卖,6262.7,88
BJW74,2026-07-11,店内,8038.79,106
BJW74,2026-07-12,外卖,5996.2,97
BJW74,2026-07-12,店内,5484.42,76
BJW75,2026-07-09,外卖,6544.3,87
BJW75,2026-07-09,店内,8016.18,92
BJW75,2026-07-10,外卖,7884.8,88
BJW75,2026-07-10,店内,4688.38,64
BJW75,2026-07-11,外卖,5387.9,72
BJW75,2026-07-11,店内,5890.02,67
BJW75,2026-07-12,外卖,4147.9,63
BJW75,2026-07-12,店内,5131.77,72
BJW76,2026-07-09,外卖,5368.7,52
BJW76,2026-07-09,店内,4061.85,60
BJW76,2026-07-10,外卖,2959.8,32
BJW76,2026-07-10,店内,6808.51,83
BJW76,2026-07-11,外卖,4175.2,45
BJW76,2026-07-11,店内,14102.07,160
BJW76,2026-07-12,外卖,1816.9,20
BJW76,2026-07-12,店内,12929.65,143
BJW77,2026-07-09,外卖,4890.6,75
BJW77,2026-07-09,店内,14740.69,161
BJW77,2026-07-10,外卖,3311.6,52
BJW77,2026-07-10,店内,9520.71,120
BJW77,2026-07-11,外卖,1189.2,13
BJW77,2026-07-11,店内,881.07,9
BJW77,2026-07-12,外卖,1059.3,15
BJW77,2026-07-12,店内,489.34,8
BJW78,2026-07-09,外卖,4153.7,54
BJW78,2026-07-09,店内,5677.95,65
BJW78,2026-07-10,外卖,2965.9,37
BJW78,2026-07-10,店内,3026.78,30
BJW78,2026-07-11,外卖,4036.3,40
BJW78,2026-07-11,店内,5238.56,58
BJW78,2026-07-12,外卖,2302.5,33
BJW78,2026-07-12,店内,5370.69,66
BJW80,2026-07-09,外卖,13910.4,183
BJW80,2026-07-09,店内,7741.99,90
BJW80,2026-07-10,外卖,13666.3,182
BJW80,2026-07-10,店内,5614.49,67
BJW80,2026-07-11,外卖,14831.2,200
BJW80,2026-07-11,店内,7146.01,84
BJW80,2026-07-12,外卖,16943.9,220
BJW80,2026-07-12,店内,8024.04,117
BJW81,2026-07-09,外卖,2379.2,20
BJW81,2026-07-09,店内,526.0,6
BJW81,2026-07-10,外卖,1985.6,28
BJW81,2026-07-10,店内,8825.65,89
BJW81,2026-07-11,外卖,1879.8,20
BJW81,2026-07-11,店内,10774.2,120
BJW81,2026-07-12,外卖,1955.0,30
BJW81,2026-07-12,店内,10258.61,114
BJW9,2026-07-09,外卖,3127.85,48
BJW9,2026-07-09,店内,10573.9,111
BJW9,2026-07-10,外卖,2693.47,36
BJW9,2026-07-10,店内,5951.07,77
BJW9,2026-07-11,外卖,876.9,9
BJW9,2026-07-11,店内,1425.4,19
BJW9,2026-07-12,外卖,1276.1,12
BJW9,2026-07-12,店内,1895.06,20
CDBS3,2026-07-09,外卖,6663.1,88
CDBS3,2026-07-09,店内,9699.74,175
CDBS3,2026-07-10,外卖,4511.0,73
CDBS3,2026-07-10,店内,8172.67,166
CDBS3,2026-07-11,外卖,5173.2,80
CDBS3,2026-07-11,店内,15425.6,257
CDBS3,2026-07-12,外卖,5024.6,78
CDBS3,2026-07-12,店内,13096.12,238
CDBS4,2026-07-09,外卖,5522.1,61
CDBS4,2026-07-09,店内,11152.78,131
CDBS4,2026-07-10,外卖,4830.6,70
CDBS4,2026-07-10,店内,10248.26,119
CDBS4,2026-07-11,外卖,5892.1,62
CDBS4,2026-07-11,店内,11658.55,149
CDBS4,2026-07-12,外卖,5096.6,62
CDBS4,2026-07-12,店内,8684.9,115
CDLK1,2026-07-09,外卖,1791.3,18
CDLK1,2026-07-09,店内,16216.2,128
CDLK1,2026-07-10,外卖,2337.9,19
CDLK1,2026-07-10,店内,14163.8,118
CDLK1,2026-07-11,外卖,2238.0,15
CDLK1,2026-07-11,店内,26234.6,206
CDLK1,2026-07-12,外卖,2646.9,18
CDLK1,2026-07-12,店内,20904.52,159
CDW10,2026-07-09,外卖,3627.7,44
CDW10,2026-07-09,店内,7100.91,74
CDW10,2026-07-10,外卖,3579.3,46
CDW10,2026-07-10,店内,6350.9,72
CDW10,2026-07-11,外卖,3783.4,41
CDW10,2026-07-11,店内,3912.05,44
CDW10,2026-07-12,外卖,2084.3,26
CDW10,2026-07-12,店内,3456.6,45
CDW11,2026-07-09,外卖,5823.0,74
CDW11,2026-07-09,店内,3381.83,45
CDW11,2026-07-10,外卖,7787.0,104
CDW11,2026-07-10,店内,4303.45,47
CDW11,2026-07-11,外卖,6915.0,89
CDW11,2026-07-11,店内,4700.94,50
CDW11,2026-07-12,外卖,8427.2,111
CDW11,2026-07-12,店内,4767.24,54
CDW12,2026-07-09,外卖,6129.0,81
CDW12,2026-07-09,店内,3983.3,50
CDW12,2026-07-10,外卖,5053.5,68
CDW12,2026-07-10,店内,3010.96,41
CDW12,2026-07-11,外卖,3515.0,43
CDW12,2026-07-11,店内,1595.3,19
CDW12,2026-07-12,外卖,4407.71,61
CDW12,2026-07-12,店内,3052.77,34
CDW13,2026-07-09,外卖,6124.1,77
CDW13,2026-07-09,店内,3068.45,50
CDW13,2026-07-10,外卖,7170.5,87
CDW13,2026-07-10,店内,3356.27,55
CDW13,2026-07-11,外卖,4176.7,62
CDW13,2026-07-11,店内,4163.04,66
CDW13,2026-07-12,外卖,6761.51,94
CDW13,2026-07-12,店内,4720.42,76
CDW14,2026-07-09,外卖,8777.4,118
CDW14,2026-07-09,店内,3324.3,38
CDW14,2026-07-10,外卖,7279.4,107
CDW14,2026-07-10,店内,3479.54,39
CDW14,2026-07-11,外卖,6816.8,97
CDW14,2026-07-11,店内,2639.21,27
CDW14,2026-07-12,外卖,7757.8,109
CDW14,2026-07-12,店内,2726.6,30
CDW15,2026-07-09,外卖,8203.1,120
CDW15,2026-07-09,店内,7182.24,97
CDW15,2026-07-10,外卖,7599.6,98
CDW15,2026-07-10,店内,8396.73,107
CDW15,2026-07-11,外卖,6810.1,87
CDW15,2026-07-11,店内,9814.32,121
CDW15,2026-07-12,外卖,6653.5,82
CDW15,2026-07-12,店内,14407.82,154
CDW16,2026-07-09,外卖,6043.6,82
CDW16,2026-07-09,店内,5252.57,77
CDW16,2026-07-10,外卖,4767.61,61
CDW16,2026-07-10,店内,6181.63,79
CDW16,2026-07-11,外卖,5904.4,71
CDW16,2026-07-11,店内,5004.48,58
CDW16,2026-07-12,外卖,7864.2,92
CDW16,2026-07-12,店内,4605.03,59
CDW18,2026-07-09,外卖,5443.11,75
CDW18,2026-07-09,店内,5261.79,72
CDW18,2026-07-10,外卖,3591.42,53
CDW18,2026-07-10,店内,6675.09,95
CDW18,2026-07-11,外卖,4015.1,53
CDW18,2026-07-11,店内,4445.06,65
CDW18,2026-07-12,外卖,4676.9,61
CDW18,2026-07-12,店内,4465.41,66
CDW19,2026-07-09,外卖,9725.6,127
CDW19,2026-07-09,店内,4446.04,55
CDW19,2026-07-10,外卖,8788.76,124
CDW19,2026-07-10,店内,6352.31,86
CDW19,2026-07-11,外卖,8127.1,111
CDW19,2026-07-11,店内,7780.51,89
CDW19,2026-07-12,外卖,8370.0,109
CDW19,2026-07-12,店内,5645.12,83
CDW2,2026-07-09,外卖,7396.2,104
CDW2,2026-07-09,店内,4933.53,65
CDW2,2026-07-10,外卖,7162.3,93
CDW2,2026-07-10,店内,5455.35,89
CDW2,2026-07-11,外卖,5010.4,76
CDW2,2026-07-11,店内,6365.74,87
CDW2,2026-07-12,外卖,4428.2,64
CDW2,2026-07-12,店内,4866.02,78
CDW20,2026-07-09,外卖,5572.1,70
CDW20,2026-07-09,店内,7986.86,102
CDW20,2026-07-10,外卖,5119.5,68
CDW20,2026-07-10,店内,6634.05,99
CDW20,2026-07-11,外卖,3795.2,52
CDW20,2026-07-11,店内,8763.77,102
CDW20,2026-07-12,外卖,5224.9,64
CDW20,2026-07-12,店内,6950.07,99
CDW22,2026-07-11,店内,542.0,1
CDW3,2026-07-09,外卖,6718.0,97
CDW3,2026-07-09,店内,6336.19,86
CDW3,2026-07-10,外卖,9255.5,125
CDW3,2026-07-10,店内,8105.56,102
CDW3,2026-07-11,外卖,6088.6,69
CDW3,2026-07-11,店内,6131.03,74
CDW3,2026-07-12,外卖,6829.1,57
CDW3,2026-07-12,店内,3649.37,52
CDW6,2026-07-09,外卖,4813.3,72
CDW6,2026-07-09,店内,5912.18,63
CDW6,2026-07-10,外卖,5260.5,79
CDW6,2026-07-10,店内,6639.49,71
CDW6,2026-07-11,外卖,2496.6,32
CDW6,2026-07-11,店内,4039.5,49
CDW6,2026-07-12,外卖,2638.5,39
CDW6,2026-07-12,店内,3165.45,38
CDW8,2026-07-09,外卖,4349.4,50
CDW8,2026-07-09,店内,4615.65,49
CDW8,2026-07-10,外卖,3792.0,47
CDW8,2026-07-10,店内,3092.48,39
CDW8,2026-07-11,外卖,4270.2,32
CDW8,2026-07-11,店内,4131.73,54
CDW8,2026-07-12,外卖,2407.6,27
CDW8,2026-07-12,店内,4399.3,50
CDW9,2026-07-09,外卖,8531.2,124
CDW9,2026-07-09,店内,7792.12,95
CDW9,2026-07-10,外卖,8850.6,122
CDW9,2026-07-10,店内,5406.3,73
CDW9,2026-07-11,外卖,8269.2,104
CDW9,2026-07-11,店内,7069.68,96
CDW9,2026-07-12,外卖,8407.8,110
CDW9,2026-07-12,店内,7415.8,86
CQW3,2026-07-09,外卖,2459.6,37
CQW3,2026-07-09,店内,2576.49,30
CQW3,2026-07-10,外卖,4589.4,49
CQW3,2026-07-10,店内,3678.21,34
CQW3,2026-07-11,外卖,4347.1,54
CQW3,2026-07-11,店内,5600.78,48
CQW3,2026-07-12,外卖,4485.0,60
CQW3,2026-07-12,店内,3312.77,33
CQW5,2026-07-09,外卖,7468.5,78
CQW5,2026-07-09,店内,4945.48,56
CQW5,2026-07-10,外卖,7164.81,88
CQW5,2026-07-10,店内,3423.59,49
CQW5,2026-07-11,外卖,6919.11,81
CQW5,2026-07-11,店内,4611.13,62
CQW5,2026-07-12,外卖,6868.32,87
CQW5,2026-07-12,店内,6624.79,51
GZBS2,2026-07-09,外卖,5472.8,78
GZBS2,2026-07-09,店内,9149.28,128
GZBS2,2026-07-10,外卖,6257.8,97
GZBS2,2026-07-10,店内,11195.75,153
GZBS2,2026-07-11,外卖,4649.5,64
GZBS2,2026-07-11,店内,7605.69,109
GZBS2,2026-07-12,外卖,6280.7,76
GZBS2,2026-07-12,店内,8314.02,107
GZBS3,2026-07-09,外卖,3086.0,53
GZBS3,2026-07-09,店内,12709.93,180
GZBS3,2026-07-10,外卖,3144.4,60
GZBS3,2026-07-10,店内,11836.64,170
GZBS3,2026-07-11,外卖,2064.7,27
GZBS3,2026-07-11,店内,13463.25,185
GZBS3,2026-07-12,外卖,2656.7,39
GZBS3,2026-07-12,店内,11920.23,196
GZW10,2026-07-09,外卖,7425.6,91
GZW10,2026-07-09,店内,5414.6,60
GZW10,2026-07-10,外卖,6933.2,90
GZW10,2026-07-10,店内,6354.26,74
GZW10,2026-07-11,外卖,3366.6,47
GZW10,2026-07-11,店内,320.13,8
GZW10,2026-07-12,外卖,3282.1,41
GZW10,2026-07-12,店内,584.0,9
GZW11,2026-07-09,外卖,2683.1,43
GZW11,2026-07-09,店内,7970.31,111
GZW11,2026-07-10,外卖,2898.0,43
GZW11,2026-07-10,店内,9364.24,142
GZW11,2026-07-11,外卖,2574.4,30
GZW11,2026-07-11,店内,8461.7,117
GZW11,2026-07-12,外卖,1654.2,23
GZW11,2026-07-12,店内,10157.27,134
GZW12,2026-07-09,外卖,3996.5,57
GZW12,2026-07-09,店内,3562.13,41
GZW12,2026-07-10,外卖,3882.5,52
GZW12,2026-07-10,店内,7279.35,81
GZW12,2026-07-11,外卖,3406.0,43
GZW12,2026-07-11,店内,9752.97,114
GZW12,2026-07-12,外卖,4202.5,45
GZW12,2026-07-12,店内,7210.35,96
GZW13,2026-07-09,外卖,3831.2,55
GZW13,2026-07-09,店内,1972.35,38
GZW13,2026-07-10,外卖,3475.9,57
GZW13,2026-07-10,店内,1650.7,30
GZW13,2026-07-11,外卖,5262.3,75
GZW13,2026-07-11,店内,6226.54,76
GZW13,2026-07-12,外卖,4692.2,68
GZW13,2026-07-12,店内,7086.4,75
GZW2,2026-07-09,外卖,7885.8,105
GZW2,2026-07-09,店内,8934.3,101
GZW2,2026-07-10,外卖,8463.0,112
GZW2,2026-07-10,店内,9475.71,116
GZW2,2026-07-11,外卖,7681.9,89
GZW2,2026-07-11,店内,8969.03,108
GZW2,2026-07-12,外卖,6035.1,86
GZW2,2026-07-12,店内,7049.84,99
GZW3,2026-07-09,外卖,6097.0,74
GZW3,2026-07-09,店内,8004.68,99
GZW3,2026-07-10,外卖,4010.5,68
GZW3,2026-07-10,店内,8680.7,94
GZW3,2026-07-11,外卖,2661.5,42
GZW3,2026-07-11,店内,4458.95,61
GZW3,2026-07-12,外卖,3003.5,39
GZW3,2026-07-12,店内,3436.83,45
GZW5,2026-07-09,外卖,5436.2,80
GZW5,2026-07-09,店内,13432.28,174
GZW5,2026-07-10,外卖,6535.0,96
GZW5,2026-07-10,店内,17616.45,230
GZW5,2026-07-11,外卖,5429.0,73
GZW5,2026-07-11,店内,20921.46,263
GZW5,2026-07-12,外卖,9527.2,79
GZW5,2026-07-12,店内,15829.73,225
GZW6,2026-07-09,外卖,5814.1,75
GZW6,2026-07-09,店内,2981.0,37
GZW6,2026-07-10,外卖,7622.1,86
GZW6,2026-07-10,店内,2597.26,29
GZW6,2026-07-11,外卖,6594.76,84
GZW6,2026-07-11,店内,3083.7,34
GZW6,2026-07-12,外卖,4633.1,51
GZW6,2026-07-12,店内,3431.7,31
GZW7,2026-07-09,外卖,6692.6,95
GZW7,2026-07-09,店内,6830.8,95
GZW7,2026-07-10,外卖,8441.0,118
GZW7,2026-07-10,店内,9572.07,120
GZW7,2026-07-11,外卖,7120.4,92
GZW7,2026-07-11,店内,10484.21,115
GZW7,2026-07-12,外卖,6354.8,96
GZW7,2026-07-12,店内,7988.4,107
GZW8,2026-07-09,外卖,8484.0,120
GZW8,2026-07-09,店内,6757.52,82
GZW8,2026-07-10,外卖,7180.6,101
GZW8,2026-07-10,店内,8498.01,104
GZW8,2026-07-11,外卖,7642.7,93
GZW8,2026-07-11,店内,9868.23,119
GZW8,2026-07-12,外卖,7498.9,95
GZW8,2026-07-12,店内,6303.45,86
HZBS2,2026-07-09,外卖,5980.3,73
HZBS2,2026-07-09,店内,13840.37,190
HZBS2,2026-07-10,外卖,6050.65,85
HZBS2,2026-07-10,店内,11566.66,179
HZBS2,2026-07-11,外卖,3702.2,41
HZBS2,2026-07-11,店内,6815.12,112
HZBS2,2026-07-12,外卖,4498.9,49
HZBS2,2026-07-12,店内,8362.57,109
HZBS3,2026-07-09,外卖,8545.5,115
HZBS3,2026-07-09,店内,6521.72,92
HZBS3,2026-07-10,外卖,8139.3,114
HZBS3,2026-07-10,店内,9302.7,99
HZBS3,2026-07-11,外卖,5336.35,68
HZBS3,2026-07-11,店内,5547.8,71
HZBS3,2026-07-12,外卖,6861.3,84
HZBS3,2026-07-12,店内,5530.87,81
HZW10,2026-07-09,外卖,15972.8,210
HZW10,2026-07-09,店内,3684.42,40
HZW10,2026-07-10,外卖,16134.0,204
HZW10,2026-07-10,店内,6732.58,84
HZW10,2026-07-11,外卖,8719.6,104
HZW10,2026-07-11,店内,2711.84,41
HZW10,2026-07-12,外卖,4782.8,54
HZW10,2026-07-12,店内,4016.81,50
HZW13,2026-07-09,外卖,9774.8,131
HZW13,2026-07-09,店内,6043.97,70
HZW13,2026-07-10,外卖,7638.4,104
HZW13,2026-07-10,店内,7768.78,85
HZW13,2026-07-11,外卖,7183.7,90
HZW13,2026-07-11,店内,3102.74,37
HZW13,2026-07-12,外卖,6098.4,77
HZW13,2026-07-12,店内,3546.7,35
HZW14,2026-07-09,外卖,7702.5,111
HZW14,2026-07-09,店内,6006.79,77
HZW14,2026-07-10,外卖,7842.8,104
HZW14,2026-07-10,店内,8957.28,107
HZW14,2026-07-11,外卖,7272.4,81
HZW14,2026-07-11,店内,4443.15,54
HZW14,2026-07-12,外卖,7288.9,81
HZW14,2026-07-12,店内,4768.6,52
HZW15,2026-07-09,外卖,9161.3,113
HZW15,2026-07-09,店内,2141.92,20
HZW15,2026-07-10,外卖,8846.9,101
HZW15,2026-07-10,店内,3211.82,35
HZW15,2026-07-11,外卖,6657.2,69
HZW15,2026-07-11,店内,1937.16,17
HZW15,2026-07-12,外卖,4508.6,51
HZW15,2026-07-12,店内,2577.23,30
HZW16,2026-07-09,外卖,5287.6,63
HZW16,2026-07-09,店内,2534.4,33
HZW16,2026-07-10,外卖,5115.6,65
HZW16,2026-07-10,店内,4806.47,48
HZW16,2026-07-11,外卖,4541.2,60
HZW16,2026-07-11,店内,2445.9,29
HZW16,2026-07-12,外卖,4188.8,51
HZW16,2026-07-12,店内,2818.6,39
HZW17,2026-07-09,外卖,5339.0,69
HZW17,2026-07-09,店内,4729.41,59
HZW17,2026-07-10,外卖,4156.2,52
HZW17,2026-07-10,店内,4293.1,56
HZW17,2026-07-11,外卖,3881.8,42
HZW17,2026-07-11,店内,4433.37,62
HZW17,2026-07-12,外卖,2489.4,30
HZW17,2026-07-12,店内,6088.43,75
HZW18,2026-07-09,外卖,14807.9,183
HZW18,2026-07-09,店内,4057.56,52
HZW18,2026-07-10,外卖,11627.8,150
HZW18,2026-07-10,店内,3940.78,61
HZW18,2026-07-11,外卖,9534.3,119
HZW18,2026-07-11,店内,4038.9,52
HZW18,2026-07-12,外卖,7345.1,74
HZW18,2026-07-12,店内,4177.02,56
HZW19,2026-07-09,外卖,7211.0,98
HZW19,2026-07-09,店内,3779.46,41
HZW19,2026-07-10,外卖,6006.4,89
HZW19,2026-07-10,店内,4090.32,50
HZW19,2026-07-11,外卖,8196.0,110
HZW19,2026-07-11,店内,2093.88,27
HZW19,2026-07-12,外卖,4406.1,55
HZW19,2026-07-12,店内,2077.36,29
HZW3,2026-07-09,外卖,22061.9,274
HZW3,2026-07-09,店内,10107.24,108
HZW3,2026-07-10,外卖,20907.64,257
HZW3,2026-07-10,店内,10821.68,118
HZW3,2026-07-11,外卖,11568.0,141
HZW3,2026-07-11,店内,4059.68,34
HZW3,2026-07-12,外卖,9248.6,88
HZW3,2026-07-12,店内,2612.71,27
HZW5,2026-07-09,外卖,7047.4,110
HZW5,2026-07-09,店内,8285.98,77
HZW5,2026-07-10,外卖,6678.8,94
HZW5,2026-07-10,店内,7696.33,80
HZW5,2026-07-11,外卖,5383.9,70
HZW5,2026-07-11,店内,2018.6,20
HZW5,2026-07-12,外卖,4621.0,64
HZW5,2026-07-12,店内,1934.57,11
HZW6,2026-07-09,外卖,12641.48,177
HZW6,2026-07-09,店内,13007.73,144
HZW6,2026-07-10,外卖,11539.6,161
HZW6,2026-07-10,店内,13960.73,165
HZW6,2026-07-11,外卖,6413.42,83
HZW6,2026-07-11,店内,3674.67,45
HZW6,2026-07-12,外卖,8510.65,113
HZW6,2026-07-12,店内,2917.0,50
HZW7,2026-07-09,外卖,7368.0,98
HZW7,2026-07-09,店内,6472.6,72
HZW7,2026-07-10,外卖,8412.74,116
HZW7,2026-07-10,店内,7815.68,91
HZW7,2026-07-11,外卖,6929.6,84
HZW7,2026-07-11,店内,5931.09,64
HZW7,2026-07-12,外卖,7711.3,79
HZW7,2026-07-12,店内,2953.5,38
HZW8,2026-07-09,外卖,6178.0,89
HZW8,2026-07-09,店内,3609.0,42
HZW8,2026-07-10,外卖,5025.6,68
HZW8,2026-07-10,店内,5152.37,68
HZW8,2026-07-11,外卖,3221.7,38
HZW8,2026-07-11,店内,2382.85,35
HZW8,2026-07-12,外卖,1990.5,13
HZW8,2026-07-12,店内,2164.15,35
KSW1,2026-07-09,外卖,6432.9,62
KSW1,2026-07-09,店内,3019.21,30
KSW1,2026-07-10,外卖,6287.3,70
KSW1,2026-07-10,店内,10550.1,46
KSW1,2026-07-11,外卖,5046.5,56
KSW1,2026-07-11,店内,5015.19,51
KSW1,2026-07-12,外卖,4827.3,47
KSW1,2026-07-12,店内,1951.61,32
NBLK1,2026-07-09,外卖,1923.38,15
NBLK1,2026-07-09,店内,4907.1,37
NBLK1,2026-07-10,外卖,1430.87,11
NBLK1,2026-07-10,店内,4954.0,45
NBLK1,2026-07-11,外卖,388.24,3
NBLK1,2026-07-11,店内,1807.0,10
NBLK1,2026-07-12,外卖,1739.46,15
NBLK1,2026-07-12,店内,5538.0,36
NBW1,2026-07-09,外卖,3458.6,36
NBW1,2026-07-09,店内,3785.03,42
NBW1,2026-07-10,外卖,2083.2,25
NBW1,2026-07-10,店内,5259.76,51
NBW1,2026-07-11,外卖,2094.0,25
NBW1,2026-07-11,店内,1756.31,17
NBW1,2026-07-12,外卖,1820.8,19
NBW1,2026-07-12,店内,3126.66,30
NBW2,2026-07-09,外卖,5113.7,63
NBW2,2026-07-09,店内,1833.16,24
NBW2,2026-07-10,外卖,4879.25,56
NBW2,2026-07-10,店内,4088.79,45
NBW2,2026-07-11,外卖,3914.9,47
NBW2,2026-07-11,店内,1085.25,13
NBW2,2026-07-12,外卖,4827.1,59
NBW2,2026-07-12,店内,2552.88,28
NBW5,2026-07-09,外卖,6464.2,75
NBW5,2026-07-09,店内,2212.33,24
NBW5,2026-07-10,外卖,4065.9,53
NBW5,2026-07-10,店内,2257.8,25
NBW5,2026-07-11,外卖,1756.9,22
NBW5,2026-07-11,店内,404.57,6
NBW5,2026-07-12,外卖,2541.2,28
NBW5,2026-07-12,店内,851.0,8
NJBS5,2026-07-09,外卖,4585.9,84
NJBS5,2026-07-09,店内,8474.82,119
NJBS5,2026-07-10,外卖,4637.21,77
NJBS5,2026-07-10,店内,10822.51,138
NJBS5,2026-07-11,外卖,4182.86,61
NJBS5,2026-07-11,店内,16015.48,191
NJBS5,2026-07-12,外卖,5567.3,61
NJBS5,2026-07-12,店内,5423.58,69
NJW10,2026-07-09,外卖,6807.7,78
NJW10,2026-07-09,店内,5523.48,58
NJW10,2026-07-10,外卖,7002.8,93
NJW10,2026-07-10,店内,8716.15,97
NJW10,2026-07-11,外卖,5899.2,63
NJW10,2026-07-11,店内,6492.59,76
NJW10,2026-07-12,外卖,3624.8,47
NJW10,2026-07-12,店内,3915.93,35
NJW13,2026-07-09,外卖,4362.3,62
NJW13,2026-07-09,店内,5412.34,67
NJW13,2026-07-10,外卖,8046.4,103
NJW13,2026-07-10,店内,9028.43,106
NJW13,2026-07-11,外卖,6477.2,75
NJW13,2026-07-11,店内,9847.88,106
NJW13,2026-07-12,外卖,4918.6,63
NJW13,2026-07-12,店内,5381.92,50
NJW15,2026-07-09,外卖,5386.3,66
NJW15,2026-07-09,店内,3995.95,43
NJW15,2026-07-10,外卖,5748.7,68
NJW15,2026-07-10,店内,3697.11,38
NJW15,2026-07-11,外卖,4769.1,57
NJW15,2026-07-11,店内,6793.04,67
NJW15,2026-07-12,外卖,4859.8,44
NJW15,2026-07-12,店内,2861.45,29
NJW16,2026-07-09,外卖,4075.9,56
NJW16,2026-07-09,店内,5313.69,75
NJW16,2026-07-10,外卖,6062.3,77
NJW16,2026-07-10,店内,5614.76,74
NJW16,2026-07-11,外卖,5386.8,67
NJW16,2026-07-11,店内,6291.74,70
NJW16,2026-07-12,外卖,3960.4,51
NJW16,2026-07-12,店内,2784.23,33
NJW2,2026-07-09,外卖,9474.9,123
NJW2,2026-07-09,店内,10145.38,112
NJW2,2026-07-10,外卖,7588.3,108
NJW2,2026-07-10,店内,12771.66,149
NJW2,2026-07-11,外卖,6531.32,81
NJW2,2026-07-11,店内,13368.96,151
NJW2,2026-07-12,外卖,5279.0,72
NJW2,2026-07-12,店内,4021.5,53
NJW6,2026-07-09,外卖,4013.7,59
NJW6,2026-07-09,店内,1796.25,24
NJW6,2026-07-10,外卖,4025.4,61
NJW6,2026-07-10,店内,2926.05,34
NJW6,2026-07-11,外卖,2628.4,34
NJW6,2026-07-11,店内,3963.06,40
NJW6,2026-07-12,外卖,2189.5,26
NJW6,2026-07-12,店内,1057.4,12
NJW7,2026-07-09,外卖,1662.4,24
NJW7,2026-07-09,店内,3913.57,40
NJW7,2026-07-10,外卖,2727.2,34
NJW7,2026-07-10,店内,3764.44,41
NJW7,2026-07-11,外卖,1684.4,23
NJW7,2026-07-11,店内,2684.24,31
NJW7,2026-07-12,外卖,1072.6,15
NJW7,2026-07-12,店内,1216.2,19
NJW8,2026-07-09,外卖,8741.6,101
NJW8,2026-07-09,店内,4050.01,57
NJW8,2026-07-10,外卖,6206.2,85
NJW8,2026-07-10,店内,7617.93,93
NJW8,2026-07-11,外卖,6802.51,79
NJW8,2026-07-11,店内,5901.81,93
NJW8,2026-07-12,外卖,4472.0,52
NJW8,2026-07-12,店内,6414.22,82
NJW9,2026-07-09,外卖,6346.95,75
NJW9,2026-07-09,店内,2689.57,28
NJW9,2026-07-10,外卖,6403.85,78
NJW9,2026-07-10,店内,4466.8,41
NJW9,2026-07-11,外卖,5779.7,64
NJW9,2026-07-11,店内,3361.46,31
NJW9,2026-07-12,外卖,4430.4,56
NJW9,2026-07-12,店内,1422.97,16
QDW1,2026-07-09,外卖,7389.5,90
QDW1,2026-07-09,店内,10287.93,112
QDW1,2026-07-10,外卖,8269.2,104
QDW1,2026-07-10,店内,12662.97,141
QDW1,2026-07-11,外卖,6305.8,78
QDW1,2026-07-11,店内,15139.89,156
QDW1,2026-07-12,外卖,7424.5,85
QDW1,2026-07-12,店内,11704.33,130
SHBS1,2026-07-09,外卖,16121.4,257
SHBS1,2026-07-09,店内,18027.9,243
SHBS1,2026-07-10,外卖,17061.6,275
SHBS1,2026-07-10,店内,18607.15,278
SHBS1,2026-07-11,外卖,14436.05,227
SHBS1,2026-07-11,店内,24736.5,320
SHBS1,2026-07-12,外卖,11130.75,161
SHBS1,2026-07-12,店内,18863.2,247
SHBS10,2026-07-09,外卖,4609.4,77
SHBS10,2026-07-09,店内,10781.01,135
SHBS10,2026-07-10,外卖,4347.6,68
SHBS10,2026-07-10,店内,12654.12,167
SHBS10,2026-07-11,外卖,4378.8,62
SHBS10,2026-07-11,店内,6300.16,103
SHBS10,2026-07-12,外卖,3382.5,46
SHBS10,2026-07-12,店内,5282.09,76
SHBS11,2026-07-09,外卖,5668.6,74
SHBS11,2026-07-09,店内,2987.51,43
SHBS11,2026-07-10,外卖,6903.5,97
SHBS11,2026-07-10,店内,4088.61,72
SHBS11,2026-07-11,外卖,7396.9,98
SHBS11,2026-07-11,店内,4938.91,69
SHBS11,2026-07-12,外卖,3089.2,33
SHBS11,2026-07-12,店内,3545.62,66
SHBS12,2026-07-09,外卖,3257.4,44
SHBS12,2026-07-09,店内,13463.35,153
SHBS12,2026-07-10,外卖,2492.9,44
SHBS12,2026-07-10,店内,13541.16,171
SHBS12,2026-07-11,外卖,996.3,17
SHBS12,2026-07-11,店内,855.5,18
SHBS12,2026-07-12,外卖,683.5,12
SHBS12,2026-07-12,店内,1834.0,25
SHBS13,2026-07-09,外卖,8842.2,109
SHBS13,2026-07-09,店内,20089.44,242
SHBS13,2026-07-10,外卖,8547.45,115
SHBS13,2026-07-10,店内,20173.85,249
SHBS13,2026-07-11,外卖,2270.9,33
SHBS13,2026-07-11,店内,5828.2,86
SHBS13,2026-07-12,外卖,2866.2,34
SHBS13,2026-07-12,店内,5673.65,62
SHBS14,2026-07-09,外卖,4982.6,76
SHBS14,2026-07-09,店内,16613.46,207
SHBS14,2026-07-10,外卖,7910.95,80
SHBS14,2026-07-10,店内,17282.27,238
SHBS14,2026-07-11,外卖,3283.35,54
SHBS14,2026-07-11,店内,12804.27,173
SHBS14,2026-07-12,外卖,2950.35,50
SHBS14,2026-07-12,店内,11324.02,165
SHBS15,2026-07-09,外卖,3611.2,61
SHBS15,2026-07-09,店内,16724.95,261
SHBS15,2026-07-10,外卖,5316.85,77
SHBS15,2026-07-10,店内,17497.96,274
SHBS15,2026-07-11,外卖,3758.3,63
SHBS15,2026-07-11,店内,11161.46,173
SHBS15,2026-07-12,外卖,4726.7,61
SHBS15,2026-07-12,店内,6612.71,105
SHBS16,2026-07-09,外卖,5470.1,80
SHBS16,2026-07-09,店内,3659.23,63
SHBS16,2026-07-10,外卖,5517.05,95
SHBS16,2026-07-10,店内,4809.21,72
SHBS16,2026-07-11,外卖,6298.7,100
SHBS16,2026-07-11,店内,5680.25,87
SHBS16,2026-07-12,外卖,4963.15,76
SHBS16,2026-07-12,店内,3267.4,48
SHBS17,2026-07-09,外卖,5841.75,82
SHBS17,2026-07-09,店内,6615.35,102
SHBS17,2026-07-10,外卖,6553.4,95
SHBS17,2026-07-10,店内,13034.56,167
SHBS17,2026-07-11,外卖,3916.45,51
SHBS17,2026-07-11,店内,5244.81,79
SHBS17,2026-07-12,外卖,2937.8,43
SHBS17,2026-07-12,店内,2635.3,36
SHBS19,2026-07-09,外卖,2511.4,45
SHBS19,2026-07-09,店内,18659.74,165
SHBS19,2026-07-10,外卖,4061.9,51
SHBS19,2026-07-10,店内,15776.53,212
SHBS19,2026-07-11,外卖,3204.9,40
SHBS19,2026-07-11,店内,6599.1,90
SHBS19,2026-07-12,外卖,1670.6,23
SHBS19,2026-07-12,店内,4347.52,63
SHBS2,2026-07-09,外卖,6082.9,111
SHBS2,2026-07-09,店内,17446.41,222
SHBS2,2026-07-10,外卖,5620.4,104
SHBS2,2026-07-10,店内,18963.81,245
SHBS2,2026-07-11,外卖,3654.3,58
SHBS2,2026-07-11,店内,16266.98,166
SHBS2,2026-07-12,外卖,2963.0,52
SHBS2,2026-07-12,店内,8501.5,113
SHBS21,2026-07-09,外卖,5873.2,84
SHBS21,2026-07-09,店内,11745.72,181
SHBS21,2026-07-10,外卖,6390.4,96
SHBS21,2026-07-10,店内,13024.9,205
SHBS21,2026-07-11,外卖,4324.55,64
SHBS21,2026-07-11,店内,10080.85,129
SHBS21,2026-07-12,外卖,4265.9,64
SHBS21,2026-07-12,店内,5983.92,85
SHBS22,2026-07-09,外卖,6674.9,107
SHBS22,2026-07-09,店内,9032.21,101
SHBS22,2026-07-10,外卖,8527.9,105
SHBS22,2026-07-10,店内,9996.28,114
SHBS22,2026-07-11,外卖,4021.3,49
SHBS22,2026-07-11,店内,1663.6,29
SHBS22,2026-07-12,外卖,1885.1,28
SHBS22,2026-07-12,店内,1402.81,20
SHBS25,2026-07-09,外卖,2697.3,30
SHBS25,2026-07-09,店内,27684.71,422
SHBS25,2026-07-10,外卖,1183.35,22
SHBS25,2026-07-10,店内,21397.68,364
SHBS25,2026-07-11,外卖,922.8,15
SHBS25,2026-07-11,店内,15559.18,276
SHBS25,2026-07-12,外卖,822.25,14
SHBS25,2026-07-12,店内,5882.0,91
SHBS26,2026-07-09,外卖,8091.9,108
SHBS26,2026-07-09,店内,11078.72,154
SHBS26,2026-07-10,外卖,6702.5,99
SHBS26,2026-07-10,店内,16939.29,208
SHBS26,2026-07-11,外卖,7111.65,122
SHBS26,2026-07-11,店内,9751.51,131
SHBS26,2026-07-12,外卖,6351.85,92
SHBS26,2026-07-12,店内,9605.47,129
SHBS27,2026-07-09,外卖,1672.7,30
SHBS27,2026-07-09,店内,12925.91,148
SHBS27,2026-07-10,外卖,1704.6,30
SHBS27,2026-07-10,店内,9818.1,123
SHBS27,2026-07-11,外卖,1205.1,29
SHBS27,2026-07-11,店内,7318.26,118
SHBS27,2026-07-12,外卖,1267.0,21
SHBS27,2026-07-12,店内,3571.11,51
SHBS29,2026-07-09,外卖,6741.4,73
SHBS29,2026-07-09,店内,9844.56,121
SHBS29,2026-07-10,外卖,5531.45,75
SHBS29,2026-07-10,店内,13235.11,140
SHBS29,2026-07-11,外卖,2335.1,34
SHBS29,2026-07-11,店内,3652.07,40
SHBS29,2026-07-12,外卖,2059.0,17
SHBS29,2026-07-12,店内,2285.7,19
SHBS32,2026-07-09,店内,17851.12,272
SHBS32,2026-07-10,店内,18881.0,341
SHBS32,2026-07-11,店内,16442.02,264
SHBS32,2026-07-12,店内,15108.22,244
SHBS33,2026-07-09,外卖,5730.8,81
SHBS33,2026-07-09,店内,6606.2,89
SHBS33,2026-07-10,外卖,6655.2,88
SHBS33,2026-07-10,店内,7985.2,127
SHBS33,2026-07-11,外卖,5457.25,71
SHBS33,2026-07-11,店内,4415.26,73
SHBS33,2026-07-12,外卖,4224.7,66
SHBS33,2026-07-12,店内,3868.01,69
SHBS35,2026-07-09,外卖,4218.2,72
SHBS35,2026-07-09,店内,4579.0,56
SHBS35,2026-07-10,外卖,5720.7,80
SHBS35,2026-07-10,店内,3279.11,46
SHBS35,2026-07-11,外卖,4189.25,73
SHBS35,2026-07-11,店内,3849.01,51
SHBS35,2026-07-12,外卖,3678.2,60
SHBS35,2026-07-12,店内,2794.92,36
SHBS36,2026-07-09,店内,63226.1,1
SHBS36,2026-07-10,店内,56355.19,1
SHBS36,2026-07-11,店内,38667.7,1
SHBS36,2026-07-12,店内,38398.05,1
SHBS37,2026-07-09,外卖,3397.35,50
SHBS37,2026-07-09,店内,6061.31,76
SHBS37,2026-07-10,外卖,4925.7,85
SHBS37,2026-07-10,店内,4906.13,62
SHBS37,2026-07-11,外卖,4720.2,72
SHBS37,2026-07-11,店内,5812.5,79
SHBS37,2026-07-12,外卖,3321.3,55
SHBS37,2026-07-12,店内,2388.48,44
SHBS38,2026-07-09,外卖,10278.9,160
SHBS38,2026-07-09,店内,15238.46,185
SHBS38,2026-07-10,外卖,9205.4,143
SHBS38,2026-07-10,店内,16939.87,190
SHBS38,2026-07-11,外卖,6924.8,94
SHBS38,2026-07-11,店内,8000.57,106
SHBS38,2026-07-12,外卖,6922.15,91
SHBS38,2026-07-12,店内,4786.51,76
SHBS39,2026-07-09,外卖,5013.7,69
SHBS39,2026-07-09,店内,7456.44,94
SHBS39,2026-07-10,外卖,5359.9,77
SHBS39,2026-07-10,店内,8017.03,100
SHBS39,2026-07-11,外卖,3317.5,48
SHBS39,2026-07-11,店内,5202.87,60
SHBS39,2026-07-12,外卖,2959.1,38
SHBS39,2026-07-12,店内,3336.81,46
SHBS40,2026-07-09,外卖,9289.2,135
SHBS40,2026-07-09,店内,12952.45,157
SHBS40,2026-07-10,外卖,8246.9,114
SHBS40,2026-07-10,店内,12980.08,165
SHBS40,2026-07-11,外卖,4457.9,69
SHBS40,2026-07-11,店内,5946.51,77
SHBS40,2026-07-12,外卖,3930.45,50
SHBS40,2026-07-12,店内,6032.1,77
SHBS41,2026-07-09,外卖,4887.0,65
SHBS41,2026-07-09,店内,4040.4,65
SHBS41,2026-07-10,外卖,6441.0,82
SHBS41,2026-07-10,店内,4396.45,76
SHBS41,2026-07-11,外卖,6593.1,74
SHBS41,2026-07-11,店内,8783.23,111
SHBS41,2026-07-12,外卖,3966.8,57
SHBS41,2026-07-12,店内,4408.99,70
SHBS43,2026-07-09,外卖,4450.61,87
SHBS43,2026-07-09,店内,9384.15,121
SHBS43,2026-07-10,外卖,5127.25,94
SHBS43,2026-07-10,店内,6271.97,93
SHBS43,2026-07-11,外卖,3473.0,47
SHBS43,2026-07-11,店内,4002.12,66
SHBS43,2026-07-12,外卖,2841.15,47
SHBS43,2026-07-12,店内,3447.28,62
SHBS46,2026-07-09,外卖,5415.1,78
SHBS46,2026-07-09,店内,7830.5,123
SHBS46,2026-07-10,外卖,4686.5,67
SHBS46,2026-07-10,店内,10899.05,155
SHBS46,2026-07-11,外卖,4908.5,65
SHBS46,2026-07-11,店内,10035.27,137
SHBS46,2026-07-12,外卖,4739.5,59
SHBS46,2026-07-12,店内,7255.26,106
SHBS47,2026-07-09,外卖,1875.2,40
SHBS47,2026-07-09,店内,14902.8,179
SHBS47,2026-07-10,外卖,4786.1,62
SHBS47,2026-07-10,店内,12323.51,164
SHBS47,2026-07-11,外卖,1109.7,13
SHBS47,2026-07-11,店内,5237.31,77
SHBS47,2026-07-12,外卖,1087.6,14
SHBS47,2026-07-12,店内,4370.57,65
SHBS48,2026-07-09,外卖,6419.9,102
SHBS48,2026-07-09,店内,8384.06,119
SHBS48,2026-07-10,外卖,6921.55,103
SHBS48,2026-07-10,店内,10187.62,125
SHBS48,2026-07-11,外卖,6039.8,84
SHBS48,2026-07-11,店内,5933.6,85
SHBS48,2026-07-12,外卖,4599.65,61
SHBS48,2026-07-12,店内,2691.81,41
SHBS49,2026-07-09,外卖,3924.2,57
SHBS49,2026-07-09,店内,2989.9,38
SHBS49,2026-07-10,外卖,3617.2,48
SHBS49,2026-07-10,店内,3691.86,51
SHBS49,2026-07-11,外卖,2068.2,31
SHBS49,2026-07-11,店内,5266.66,72
SHBS49,2026-07-12,外卖,1860.1,26
SHBS49,2026-07-12,店内,3574.2,53
SHBS50,2026-07-09,外卖,5976.1,84
SHBS50,2026-07-09,店内,10140.92,141
SHBS50,2026-07-10,外卖,4923.8,66
SHBS50,2026-07-10,店内,13253.18,185
SHBS50,2026-07-11,外卖,4857.1,62
SHBS50,2026-07-11,店内,8788.7,122
SHBS50,2026-07-12,外卖,4122.25,60
SHBS50,2026-07-12,店内,6892.65,98
SHBS51,2026-07-09,外卖,6143.1,44
SHBS51,2026-07-09,店内,7010.06,88
SHBS51,2026-07-10,外卖,4196.6,45
SHBS51,2026-07-10,店内,11354.61,133
SHBS51,2026-07-11,外卖,248.5,5
SHBS51,2026-07-11,店内,908.91,9
SHBS51,2026-07-12,外卖,292.9,6
SHBS51,2026-07-12,店内,760.5,11
SHBS52,2026-07-09,外卖,3289.2,55
SHBS52,2026-07-09,店内,16959.74,204
SHBS52,2026-07-10,外卖,3974.4,56
SHBS52,2026-07-10,店内,15238.21,196
SHBS52,2026-07-11,外卖,1524.6,21
SHBS52,2026-07-11,店内,5667.88,91
SHBS52,2026-07-12,外卖,1863.4,21
SHBS52,2026-07-12,店内,4586.91,63
SHBS53,2026-07-09,外卖,8285.7,75
SHBS53,2026-07-09,店内,8839.07,88
SHBS53,2026-07-10,外卖,7840.3,85
SHBS53,2026-07-10,店内,7324.3,66
SHBS53,2026-07-11,外卖,5028.0,57
SHBS53,2026-07-11,店内,10444.51,97
SHBS53,2026-07-12,外卖,6408.15,65
SHBS53,2026-07-12,店内,7323.25,87
SHBS55,2026-07-09,外卖,5736.7,99
SHBS55,2026-07-09,店内,5393.51,77
SHBS55,2026-07-10,外卖,6659.2,107
SHBS55,2026-07-10,店内,5045.98,83
SHBS55,2026-07-11,外卖,7478.95,97
SHBS55,2026-07-11,店内,7596.23,103
SHBS55,2026-07-12,外卖,6037.05,81
SHBS55,2026-07-12,店内,5646.61,75
SHBS56,2026-07-09,外卖,3467.3,54
SHBS56,2026-07-09,店内,3892.86,52
SHBS56,2026-07-10,外卖,4168.6,52
SHBS56,2026-07-10,店内,5863.84,76
SHBS56,2026-07-11,外卖,3194.9,53
SHBS56,2026-07-11,店内,7833.57,82
SHBS56,2026-07-12,外卖,3516.8,54
SHBS56,2026-07-12,店内,3559.06,47
SHBS57,2026-07-09,外卖,5770.0,87
SHBS57,2026-07-09,店内,7617.15,143
SHBS57,2026-07-10,外卖,6597.9,103
SHBS57,2026-07-10,店内,9215.55,139
SHBS57,2026-07-11,外卖,5867.2,96
SHBS57,2026-07-11,店内,7430.19,125
SHBS57,2026-07-12,外卖,6556.4,95
SHBS57,2026-07-12,店内,8153.85,137
SHBS61,2026-07-09,外卖,3989.6,55
SHBS61,2026-07-09,店内,5765.58,109
SHBS61,2026-07-10,外卖,3640.3,53
SHBS61,2026-07-10,店内,6944.32,118
SHBS61,2026-07-11,外卖,4808.0,71
SHBS61,2026-07-11,店内,7736.87,128
SHBS61,2026-07-12,外卖,2871.95,42
SHBS61,2026-07-12,店内,6945.44,103
SHBS62,2026-07-09,外卖,2183.2,31
SHBS62,2026-07-09,店内,6882.98,106
SHBS62,2026-07-10,外卖,1613.1,23
SHBS62,2026-07-10,店内,9318.71,115
SHBS62,2026-07-11,外卖,2056.2,30
SHBS62,2026-07-11,店内,8091.01,121
SHBS62,2026-07-12,外卖,1097.4,17
SHBS62,2026-07-12,店内,5055.83,85
SHBS63,2026-07-09,外卖,10310.8,113
SHBS63,2026-07-09,店内,8558.41,117
SHBS63,2026-07-10,外卖,7008.4,109
SHBS63,2026-07-10,店内,9123.36,116
SHBS63,2026-07-11,外卖,6316.1,76
SHBS63,2026-07-11,店内,4988.33,79
SHBS63,2026-07-12,外卖,4940.0,64
SHBS63,2026-07-12,店内,3584.08,56
SHBS65,2026-07-09,外卖,1774.5,35
SHBS65,2026-07-09,店内,7109.17,87
SHBS65,2026-07-10,外卖,1310.7,35
SHBS65,2026-07-10,店内,8076.86,104
SHBS65,2026-07-11,外卖,1616.2,23
SHBS65,2026-07-11,店内,3853.74,56
SHBS65,2026-07-12,外卖,1440.6,18
SHBS65,2026-07-12,店内,3216.93,49
SHBS66,2026-07-09,外卖,12199.1,154
SHBS66,2026-07-09,店内,5865.01,66
SHBS66,2026-07-10,外卖,10482.15,138
SHBS66,2026-07-10,店内,7066.84,87
SHBS66,2026-07-11,外卖,8931.65,132
SHBS66,2026-07-11,店内,5740.03,82
SHBS66,2026-07-12,外卖,8340.8,124
SHBS66,2026-07-12,店内,3202.67,53
SHBS67,2026-07-09,外卖,6898.8,98
SHBS67,2026-07-09,店内,16223.4,225
SHBS67,2026-07-10,外卖,6505.4,97
SHBS67,2026-07-10,店内,16030.02,210
SHBS67,2026-07-11,外卖,10813.6,142
SHBS67,2026-07-11,店内,13419.24,195
SHBS67,2026-07-12,外卖,6702.05,96
SHBS67,2026-07-12,店内,5415.55,75
SHBS68,2026-07-09,外卖,4568.6,73
SHBS68,2026-07-09,店内,3996.38,58
SHBS68,2026-07-10,外卖,6421.4,91
SHBS68,2026-07-10,店内,4741.83,71
SHBS68,2026-07-11,外卖,4606.05,81
SHBS68,2026-07-11,店内,4905.31,63
SHBS68,2026-07-12,外卖,6455.35,91
SHBS68,2026-07-12,店内,6128.38,56
SHBS69,2026-07-09,外卖,5878.6,85
SHBS69,2026-07-09,店内,3699.12,56
SHBS69,2026-07-10,外卖,6347.75,83
SHBS69,2026-07-10,店内,5960.34,89
SHBS69,2026-07-11,外卖,6596.85,96
SHBS69,2026-07-11,店内,6653.26,92
SHBS69,2026-07-12,外卖,8120.6,104
SHBS69,2026-07-12,店内,5509.8,88
SHBS7,2026-07-09,外卖,5659.7,84
SHBS7,2026-07-09,店内,4458.6,59
SHBS7,2026-07-10,外卖,6237.5,87
SHBS7,2026-07-10,店内,3569.6,59
SHBS7,2026-07-11,外卖,7804.3,77
SHBS7,2026-07-11,店内,7684.61,90
SHBS7,2026-07-12,外卖,6151.9,82
SHBS7,2026-07-12,店内,5594.11,75
SHBS70,2026-07-09,外卖,8093.8,98
SHBS70,2026-07-09,店内,6042.22,93
SHBS70,2026-07-10,外卖,6762.15,102
SHBS70,2026-07-10,店内,9479.81,128
SHBS70,2026-07-11,外卖,6987.62,84
SHBS70,2026-07-11,店内,8413.6,105
SHBS70,2026-07-12,外卖,5007.0,61
SHBS70,2026-07-12,店内,4279.67,68
SHBS71,2026-07-09,外卖,1980.7,24
SHBS71,2026-07-09,店内,12752.37,174
SHBS71,2026-07-10,外卖,2109.8,24
SHBS71,2026-07-10,店内,13063.16,162
SHBS71,2026-07-11,外卖,1365.6,15
SHBS71,2026-07-11,店内,11609.52,147
SHBS71,2026-07-12,外卖,908.0,14
SHBS71,2026-07-12,店内,7868.28,105
SHBS72,2026-07-09,外卖,3502.0,54
SHBS72,2026-07-09,店内,11023.5,138
SHBS72,2026-07-10,外卖,2771.9,59
SHBS72,2026-07-10,店内,14099.71,185
SHBS72,2026-07-11,外卖,1837.3,27
SHBS72,2026-07-11,店内,7930.83,99
SHBS72,2026-07-12,外卖,1403.3,24
SHBS72,2026-07-12,店内,5732.8,77
SHBS73,2026-07-09,外卖,2194.8,27
SHBS73,2026-07-09,店内,6174.2,79
SHBS73,2026-07-10,外卖,1551.2,19
SHBS73,2026-07-10,店内,4405.9,66
SHBS73,2026-07-11,外卖,23.9,1
SHBS73,2026-07-11,店内,5814.9,78
SHBS73,2026-07-12,外卖,657.5,11
SHBS73,2026-07-12,店内,4996.9,76
SHBS8,2026-07-09,外卖,4690.1,70
SHBS8,2026-07-09,店内,9962.17,154
SHBS8,2026-07-10,外卖,3780.3,58
SHBS8,2026-07-10,店内,10447.23,146
SHBS8,2026-07-11,外卖,3530.9,47
SHBS8,2026-07-11,店内,10963.21,151
SHBS8,2026-07-12,外卖,1881.9,35
SHBS8,2026-07-12,店内,6544.22,107
SHBS9,2026-07-09,外卖,4811.1,69
SHBS9,2026-07-09,店内,4210.65,78
SHBS9,2026-07-10,外卖,6534.75,108
SHBS9,2026-07-10,店内,6538.91,98
SHBS9,2026-07-11,外卖,4461.55,72
SHBS9,2026-07-11,店内,6057.83,94
SHBS9,2026-07-12,外卖,4624.7,73
SHBS9,2026-07-12,店内,4801.81,68
SHFK9,2026-07-09,外卖,2414.5,24
SHFK9,2026-07-09,店内,22253.9,184
SHFK9,2026-07-10,外卖,1649.0,19
SHFK9,2026-07-10,店内,14840.05,164
SHFK9,2026-07-11,外卖,1137.0,11
SHFK9,2026-07-11,店内,7250.35,70
SHFK9,2026-07-12,外卖,1447.5,12
SHFK9,2026-07-12,店内,2509.6,26
SHJN1,2026-07-09,外卖,2861.0,88
SHJN1,2026-07-09,店内,845.7,21
SHJN1,2026-07-10,外卖,2843.4,87
SHJN1,2026-07-10,店内,1399.6,18
SHJN1,2026-07-11,外卖,998.0,24
SHJN1,2026-07-11,店内,64.0,2
SHJN1,2026-07-12,外卖,316.2,8
SHJN1,2026-07-12,店内,85.0,2
SHLK1,2026-07-09,外卖,3852.5,34
SHLK1,2026-07-09,店内,12527.11,152
SHLK1,2026-07-10,外卖,3384.0,31
SHLK1,2026-07-10,店内,17703.22,193
SHLK1,2026-07-11,外卖,4043.5,31
SHLK1,2026-07-11,店内,9971.15,124
SHLK1,2026-07-12,外卖,3464.5,25
SHLK1,2026-07-12,店内,10058.28,129
SHLK10,2026-07-09,外卖,1864.0,18
SHLK10,2026-07-09,店内,8056.75,60
SHLK10,2026-07-10,外卖,1755.5,18
SHLK10,2026-07-10,店内,6457.56,69
SHLK10,2026-07-11,外卖,1542.5,15
SHLK10,2026-07-11,店内,11625.7,86
SHLK10,2026-07-12,外卖,3058.5,24
SHLK10,2026-07-12,店内,7707.52,66
SHLK12,2026-07-09,外卖,1607.2,16
SHLK12,2026-07-09,店内,8439.6,53
SHLK12,2026-07-10,外卖,2127.0,15
SHLK12,2026-07-10,店内,6848.8,63
SHLK12,2026-07-11,外卖,2402.2,21
SHLK12,2026-07-11,店内,13599.7,116
SHLK12,2026-07-12,外卖,1184.3,9
SHLK12,2026-07-12,店内,4565.05,39
SHLK13,2026-07-09,外卖,1613.5,15
SHLK13,2026-07-09,店内,11829.9,97
SHLK13,2026-07-10,外卖,1782.5,17
SHLK13,2026-07-10,店内,12922.23,114
SHLK13,2026-07-11,外卖,876.0,7
SHLK13,2026-07-11,店内,12640.3,84
SHLK13,2026-07-12,外卖,725.0,7
SHLK13,2026-07-12,店内,6933.75,50
SHLK15,2026-07-09,外卖,1482.9,19
SHLK15,2026-07-09,店内,15016.76,132
SHLK15,2026-07-10,外卖,1824.9,17
SHLK15,2026-07-10,店内,13270.9,129
SHLK15,2026-07-11,外卖,1742.9,15
SHLK15,2026-07-11,店内,11227.65,113
SHLK15,2026-07-12,外卖,1262.9,9
SHLK15,2026-07-12,店内,8713.1,76
SHLK17,2026-07-09,外卖,5556.5,28
SHLK17,2026-07-09,店内,7802.75,77
SHLK17,2026-07-10,外卖,2952.5,25
SHLK17,2026-07-10,店内,11126.7,91
SHLK17,2026-07-11,外卖,3557.4,28
SHLK17,2026-07-11,店内,3467.6,31
SHLK17,2026-07-12,外卖,3840.5,30
SHLK17,2026-07-12,店内,3536.0,31
SHLK19,2026-07-09,外卖,3487.5,13
SHLK19,2026-07-09,店内,6576.76,56
SHLK19,2026-07-10,外卖,1716.5,16
SHLK19,2026-07-10,店内,10621.65,77
SHLK19,2026-07-11,外卖,1369.0,12
SHLK19,2026-07-11,店内,9301.93,69
SHLK19,2026-07-12,外卖,1632.5,14
SHLK19,2026-07-12,店内,5570.0,40
SHLK5,2026-07-09,外卖,1139.0,8
SHLK5,2026-07-09,店内,10456.65,98
SHLK5,2026-07-10,外卖,730.9,7
SHLK5,2026-07-10,店内,10912.7,107
SHLK5,2026-07-11,外卖,1547.0,11
SHLK5,2026-07-11,店内,5034.8,43
SHLK5,2026-07-12,外卖,1331.0,9
SHLK5,2026-07-12,店内,1977.75,16
SHLK6,2026-07-09,外卖,1522.9,16
SHLK6,2026-07-09,店内,12759.35,109
SHLK6,2026-07-10,外卖,1400.0,15
SHLK6,2026-07-10,店内,12600.96,113
SHLK6,2026-07-11,外卖,743.5,7
SHLK6,2026-07-11,店内,8321.31,77
SHLK6,2026-07-12,外卖,681.5,7
SHLK6,2026-07-12,店内,3513.4,41
SHLK8,2026-07-09,外卖,2907.7,26
SHLK8,2026-07-09,店内,12559.3,150
SHLK8,2026-07-10,外卖,2285.0,22
SHLK8,2026-07-10,店内,14547.45,163
SHLK8,2026-07-11,外卖,3907.5,31
SHLK8,2026-07-11,店内,16214.71,157
SHLK8,2026-07-12,外卖,2584.0,20
SHLK8,2026-07-12,店内,16473.02,159
SHLK9,2026-07-09,外卖,1152.5,10
SHLK9,2026-07-09,店内,7388.57,86
SHLK9,2026-07-10,外卖,1905.0,14
SHLK9,2026-07-10,店内,10780.3,95
SHLK9,2026-07-11,外卖,1407.0,12
SHLK9,2026-07-11,店内,7266.45,53
SHLK9,2026-07-12,外卖,2051.0,13
SHLK9,2026-07-12,店内,5715.0,43
SHW101,2026-07-09,外卖,8312.4,99
SHW101,2026-07-09,店内,3255.05,38
SHW101,2026-07-10,外卖,9185.1,110
SHW101,2026-07-10,店内,3698.87,40
SHW101,2026-07-11,外卖,5853.6,69
SHW101,2026-07-11,店内,3604.7,44
SHW101,2026-07-12,外卖,6747.9,88
SHW101,2026-07-12,店内,3097.62,34
SHW102,2026-07-09,外卖,3024.2,43
SHW102,2026-07-09,店内,4545.14,54
SHW102,2026-07-10,外卖,3791.5,50
SHW102,2026-07-10,店内,4704.76,63
SHW102,2026-07-11,外卖,1945.2,27
SHW102,2026-07-11,店内,2628.02,38
SHW102,2026-07-12,外卖,3351.8,37
SHW102,2026-07-12,店内,4509.1,60
SHW103,2026-07-09,外卖,1279.9,21
SHW103,2026-07-09,店内,5367.8,37
SHW103,2026-07-10,外卖,1780.1,25
SHW103,2026-07-10,店内,3564.33,43
SHW105,2026-07-09,外卖,3445.2,50
SHW105,2026-07-09,店内,7782.92,94
SHW105,2026-07-10,外卖,4083.6,62
SHW105,2026-07-10,店内,7149.77,93
SHW105,2026-07-11,外卖,7433.4,81
SHW105,2026-07-11,店内,3379.52,57
SHW105,2026-07-12,外卖,4849.3,62
SHW105,2026-07-12,店内,2294.44,40
SHW106,2026-07-09,外卖,4710.8,64
SHW106,2026-07-09,店内,3883.25,40
SHW106,2026-07-10,外卖,4216.5,61
SHW106,2026-07-10,店内,5389.36,64
SHW107,2026-07-09,外卖,3184.4,44
SHW107,2026-07-09,店内,6797.17,90
SHW107,2026-07-10,外卖,2190.6,38
SHW107,2026-07-10,店内,8371.21,108
SHW108,2026-07-09,外卖,5672.6,82
SHW108,2026-07-09,店内,5870.47,61
SHW108,2026-07-10,外卖,9040.4,112
SHW108,2026-07-10,店内,6852.63,83
SHW108,2026-07-11,外卖,7100.4,91
SHW108,2026-07-11,店内,982.57,15
SHW108,2026-07-12,外卖,4912.2,61
SHW108,2026-07-12,店内,896.88,10
SHW109,2026-07-09,外卖,5818.1,88
SHW109,2026-07-09,店内,8860.91,125
SHW109,2026-07-10,外卖,5827.0,72
SHW109,2026-07-10,店内,11623.59,172
SHW109,2026-07-11,外卖,5577.9,75
SHW109,2026-07-11,店内,9053.31,139
SHW109,2026-07-12,外卖,4600.0,57
SHW109,2026-07-12,店内,3655.7,54
SHW11,2026-07-09,外卖,5373.6,63
SHW11,2026-07-09,店内,7798.8,91
SHW11,2026-07-10,外卖,5804.1,71
SHW11,2026-07-10,店内,7613.95,102
SHW11,2026-07-11,外卖,4781.8,63
SHW11,2026-07-11,店内,5762.04,71
SHW11,2026-07-12,外卖,3480.6,46
SHW11,2026-07-12,店内,3552.39,48
SHW110,2026-07-09,外卖,7526.6,103
SHW110,2026-07-09,店内,3514.87,44
SHW110,2026-07-10,外卖,6701.4,84
SHW110,2026-07-10,店内,8497.52,88
SHW110,2026-07-11,外卖,8384.3,102
SHW110,2026-07-11,店内,6599.6,83
SHW110,2026-07-12,外卖,5536.3,64
SHW110,2026-07-12,店内,5196.17,65
SHW111,2026-07-09,外卖,5467.28,73
SHW111,2026-07-09,店内,11206.5,106
SHW111,2026-07-10,外卖,5083.8,66
SHW111,2026-07-10,店内,7677.43,89
SHW111,2026-07-11,外卖,7622.8,79
SHW111,2026-07-11,店内,1218.18,13
SHW111,2026-07-12,外卖,5411.8,64
SHW111,2026-07-12,店内,1360.5,20
SHW112,2026-07-09,外卖,11464.81,149
SHW112,2026-07-09,店内,7642.84,88
SHW112,2026-07-10,外卖,12765.5,156
SHW112,2026-07-10,店内,12181.91,125
SHW112,2026-07-11,外卖,5374.7,62
SHW112,2026-07-11,店内,1077.7,11
SHW112,2026-07-12,外卖,4501.6,56
SHW112,2026-07-12,店内,942.18,13
SHW113,2026-07-09,外卖,7031.1,89
SHW113,2026-07-09,店内,3073.38,43
SHW113,2026-07-10,外卖,8628.6,109
SHW113,2026-07-10,店内,4053.58,47
SHW113,2026-07-11,外卖,6931.2,90
SHW113,2026-07-11,店内,5957.71,74
SHW113,2026-07-12,外卖,6775.6,71
SHW113,2026-07-12,店内,3688.32,46
SHW115,2026-07-09,外卖,6096.5,79
SHW115,2026-07-09,店内,1874.42,21
SHW115,2026-07-10,外卖,5307.7,74
SHW115,2026-07-10,店内,2957.05,44
SHW115,2026-07-11,外卖,5661.86,79
SHW115,2026-07-11,店内,2812.94,42
SHW115,2026-07-12,外卖,4232.8,52
SHW115,2026-07-12,店内,3270.82,45
SHW116,2026-07-09,外卖,4514.2,62
SHW116,2026-07-09,店内,7939.55,111
SHW116,2026-07-10,外卖,6561.5,82
SHW116,2026-07-10,店内,11342.1,138
SHW116,2026-07-11,外卖,3746.6,51
SHW116,2026-07-11,店内,6034.71,85
SHW116,2026-07-12,外卖,3872.4,42
SHW116,2026-07-12,店内,3803.5,69
SHW119,2026-07-09,外卖,11681.2,136
SHW119,2026-07-09,店内,4094.04,52
SHW119,2026-07-10,外卖,12771.8,146
SHW119,2026-07-10,店内,4546.21,67
SHW119,2026-07-11,外卖,9597.98,130
SHW119,2026-07-11,店内,3950.1,53
SHW119,2026-07-12,外卖,7681.3,101
SHW119,2026-07-12,店内,2141.69,32
SHW120,2026-07-09,外卖,16225.3,197
SHW120,2026-07-09,店内,7679.11,90
SHW120,2026-07-10,外卖,17320.61,209
SHW120,2026-07-10,店内,8182.02,91
SHW120,2026-07-11,外卖,8755.1,119
SHW120,2026-07-11,店内,7807.28,97
SHW120,2026-07-12,外卖,7089.6,85
SHW120,2026-07-12,店内,6028.05,75
SHW121,2026-07-09,外卖,8257.8,116
SHW121,2026-07-09,店内,5867.81,73
SHW121,2026-07-10,外卖,7981.1,96
SHW121,2026-07-10,店内,7436.6,87
SHW121,2026-07-11,外卖,3182.0,38
SHW121,2026-07-11,店内,233.0,4
SHW122,2026-07-09,外卖,8595.9,126
SHW122,2026-07-09,店内,8261.68,94
SHW122,2026-07-10,外卖,8776.5,112
SHW122,2026-07-10,店内,8713.65,108
SHW122,2026-07-11,外卖,6197.7,74
SHW122,2026-07-11,店内,1896.15,24
SHW122,2026-07-12,外卖,3046.5,40
SHW122,2026-07-12,店内,1437.8,18
SHW123,2026-07-09,外卖,10356.51,127
SHW123,2026-07-09,店内,6902.16,69
SHW123,2026-07-10,外卖,10853.7,143
SHW123,2026-07-10,店内,6056.15,72
SHW123,2026-07-11,外卖,9832.2,125
SHW123,2026-07-11,店内,3331.2,44
SHW123,2026-07-12,外卖,8482.1,101
SHW123,2026-07-12,店内,2015.62,23
SHW124,2026-07-09,外卖,5902.0,71
SHW124,2026-07-09,店内,9295.01,82
SHW124,2026-07-10,外卖,6185.1,56
SHW124,2026-07-10,店内,9212.58,104
SHW124,2026-07-11,外卖,2293.9,22
SHW124,2026-07-11,店内,2230.9,24
SHW124,2026-07-12,外卖,1564.6,14
SHW124,2026-07-12,店内,1344.8,15
SHW125,2026-07-09,外卖,7783.6,104
SHW125,2026-07-09,店内,4476.11,54
SHW125,2026-07-10,外卖,8707.4,111
SHW125,2026-07-10,店内,7565.31,97
SHW125,2026-07-11,外卖,7369.21,86
SHW125,2026-07-11,店内,4433.43,51
SHW125,2026-07-12,外卖,5251.8,60
SHW125,2026-07-12,店内,4078.81,55
SHW126,2026-07-09,外卖,945.1,14
SHW126,2026-07-09,店内,7629.38,91
SHW126,2026-07-10,外卖,820.4,12
SHW126,2026-07-10,店内,5517.12,78
SHW126,2026-07-11,外卖,938.7,14
SHW126,2026-07-11,店内,4386.35,60
SHW126,2026-07-12,外卖,773.1,9
SHW126,2026-07-12,店内,1755.58,24
SHW127,2026-07-09,外卖,12409.91,155
SHW127,2026-07-09,店内,5958.29,81
SHW127,2026-07-10,外卖,12402.5,157
SHW127,2026-07-10,店内,9197.68,121
SHW127,2026-07-11,外卖,10243.2,133
SHW127,2026-07-11,店内,8329.39,88
SHW127,2026-07-12,外卖,10354.9,111
SHW127,2026-07-12,店内,5441.6,78
SHW128,2026-07-09,外卖,13942.1,176
SHW128,2026-07-09,店内,7793.85,71
SHW128,2026-07-10,外卖,16130.6,175
SHW128,2026-07-10,店内,6603.7,76
SHW128,2026-07-11,外卖,6748.1,58
SHW128,2026-07-11,店内,2843.32,39
SHW128,2026-07-12,外卖,3961.9,49
SHW128,2026-07-12,店内,1055.9,13
SHW129,2026-07-09,外卖,3476.9,48
SHW129,2026-07-09,店内,6834.41,76
SHW129,2026-07-10,外卖,3973.6,59
SHW129,2026-07-10,店内,7026.65,93
SHW129,2026-07-11,外卖,2483.64,36
SHW129,2026-07-11,店内,8121.08,103
SHW129,2026-07-12,外卖,2947.2,33
SHW129,2026-07-12,店内,3689.43,45
SHW13,2026-07-09,外卖,4699.5,55
SHW13,2026-07-09,店内,3973.86,58
SHW13,2026-07-10,外卖,4788.3,63
SHW13,2026-07-10,店内,5323.83,62
SHW13,2026-07-11,外卖,4099.8,52
SHW13,2026-07-11,店内,4556.77,49
SHW13,2026-07-12,外卖,2505.1,32
SHW13,2026-07-12,店内,2461.0,33
SHW130,2026-07-09,外卖,9910.5,127
SHW130,2026-07-09,店内,5103.01,83
SHW130,2026-07-10,外卖,9292.8,127
SHW130,2026-07-10,店内,4448.1,68
SHW130,2026-07-11,外卖,9492.9,134
SHW130,2026-07-11,店内,7568.07,103
SHW130,2026-07-12,外卖,7842.1,88
SHW130,2026-07-12,店内,5164.74,79
SHW132,2026-07-09,外卖,6837.5,82
SHW132,2026-07-09,店内,11519.77,115
SHW132,2026-07-10,外卖,5318.6,68
SHW132,2026-07-10,店内,10088.87,128
SHW132,2026-07-11,外卖,3244.2,39
SHW132,2026-07-11,店内,6425.05,87
SHW132,2026-07-12,外卖,4109.88,46
SHW132,2026-07-12,店内,6882.66,71
SHW134,2026-07-09,外卖,7841.6,107
SHW134,2026-07-09,店内,13573.92,187
SHW134,2026-07-10,外卖,5388.0,87
SHW134,2026-07-10,店内,10396.28,158
SHW134,2026-07-11,外卖,3240.3,37
SHW134,2026-07-11,店内,7461.48,98
SHW134,2026-07-12,外卖,2223.7,29
SHW134,2026-07-12,店内,3921.99,61
SHW135,2026-07-09,外卖,6254.7,90
SHW135,2026-07-09,店内,7804.78,86
SHW135,2026-07-10,外卖,6248.46,79
SHW135,2026-07-10,店内,10901.56,122
SHW135,2026-07-11,外卖,2790.3,36
SHW135,2026-07-11,店内,3083.94,27
SHW135,2026-07-12,外卖,2060.6,21
SHW135,2026-07-12,店内,1486.43,18
SHW136,2026-07-09,外卖,4588.3,63
SHW136,2026-07-09,店内,7673.67,85
SHW136,2026-07-10,外卖,8233.0,96
SHW136,2026-07-10,店内,7870.71,95
SHW136,2026-07-11,外卖,6758.5,80
SHW136,2026-07-11,店内,10547.41,113
SHW136,2026-07-12,外卖,5883.43,61
SHW136,2026-07-12,店内,5625.47,77
SHW138,2026-07-09,外卖,10611.5,130
SHW138,2026-07-09,店内,3440.71,39
SHW138,2026-07-10,外卖,10671.8,146
SHW138,2026-07-10,店内,4413.81,57
SHW138,2026-07-11,外卖,7883.3,110
SHW138,2026-07-11,店内,5028.0,66
SHW138,2026-07-12,外卖,5778.66,74
SHW138,2026-07-12,店内,2949.95,42
SHW139,2026-07-09,外卖,3898.0,57
SHW139,2026-07-09,店内,6709.84,101
SHW139,2026-07-10,外卖,3758.7,60
SHW139,2026-07-10,店内,7771.26,120
SHW139,2026-07-11,外卖,2066.6,27
SHW139,2026-07-11,店内,2735.99,39
SHW139,2026-07-12,外卖,3237.0,50
SHW139,2026-07-12,店内,3516.08,68
SHW140,2026-07-09,外卖,7267.3,95
SHW140,2026-07-09,店内,11254.08,181
SHW140,2026-07-10,外卖,8552.2,110
SHW140,2026-07-10,店内,12804.81,182
SHW140,2026-07-11,外卖,6746.9,85
SHW140,2026-07-11,店内,9000.33,120
SHW140,2026-07-12,外卖,5960.1,66
SHW140,2026-07-12,店内,6297.07,99
SHW141,2026-07-09,外卖,836.4,14
SHW141,2026-07-09,店内,3063.01,48
SHW141,2026-07-10,外卖,936.4,13
SHW141,2026-07-10,店内,2511.24,40
SHW141,2026-07-11,店内,762.7,8
SHW141,2026-07-12,外卖,100.9,2
SHW141,2026-07-12,店内,254.87,8
SHW142,2026-07-09,店内,20545.25,1
SHW142,2026-07-10,店内,19077.3,1
SHW142,2026-07-11,店内,9823.95,1
SHW142,2026-07-12,店内,19966.85,1
SHW143,2026-07-09,外卖,2003.9,32
SHW143,2026-07-09,店内,14705.51,170
SHW143,2026-07-10,外卖,2238.5,25
SHW143,2026-07-10,店内,14183.1,193
SHW143,2026-07-11,外卖,1322.9,21
SHW143,2026-07-11,店内,14224.77,167
SHW143,2026-07-12,外卖,899.7,13
SHW143,2026-07-12,店内,6609.66,85
SHW145,2026-07-09,外卖,5107.3,58
SHW145,2026-07-09,店内,11817.89,127
SHW145,2026-07-10,外卖,5588.9,52
SHW145,2026-07-10,店内,12953.6,132
SHW145,2026-07-11,外卖,2424.18,27
SHW145,2026-07-11,店内,6208.74,72
SHW145,2026-07-12,外卖,3120.33,32
SHW145,2026-07-12,店内,2864.63,42
SHW146,2026-07-09,外卖,7604.4,79
SHW146,2026-07-09,店内,6196.31,62
SHW146,2026-07-10,外卖,9574.86,96
SHW146,2026-07-10,店内,6837.77,82
SHW146,2026-07-11,外卖,8541.6,83
SHW146,2026-07-11,店内,8909.61,101
SHW146,2026-07-12,外卖,8924.8,89
SHW146,2026-07-12,店内,7807.88,87
SHW148,2026-07-09,外卖,4089.2,55
SHW148,2026-07-09,店内,6209.78,73
SHW148,2026-07-10,外卖,5577.5,67
SHW148,2026-07-10,店内,7635.0,92
SHW148,2026-07-11,外卖,1710.3,22
SHW148,2026-07-11,店内,649.4,9
SHW16,2026-07-09,外卖,7128.4,72
SHW16,2026-07-09,店内,9801.77,125
SHW16,2026-07-10,外卖,6549.7,66
SHW16,2026-07-10,店内,15928.73,187
SHW16,2026-07-11,外卖,2020.97,22
SHW16,2026-07-11,店内,9513.57,95
SHW16,2026-07-12,外卖,1760.7,25
SHW16,2026-07-12,店内,1240.45,23
SHW18,2026-07-09,外卖,8012.0,114
SHW18,2026-07-09,店内,9266.16,153
SHW18,2026-07-10,外卖,8264.11,108
SHW18,2026-07-10,店内,12638.08,187
SHW18,2026-07-11,外卖,10099.64,123
SHW18,2026-07-11,店内,9719.98,160
SHW18,2026-07-12,外卖,8190.2,96
SHW18,2026-07-12,店内,5624.07,101
SHW19,2026-07-09,外卖,7382.5,96
SHW19,2026-07-09,店内,7862.51,113
SHW19,2026-07-10,外卖,7670.6,102
SHW19,2026-07-10,店内,11388.19,166
SHW19,2026-07-11,外卖,7933.07,93
SHW19,2026-07-11,店内,8068.55,120
SHW19,2026-07-12,外卖,6217.9,69
SHW19,2026-07-12,店内,4603.89,92
SHW24,2026-07-09,外卖,7066.5,88
SHW24,2026-07-09,店内,7513.5,97
SHW24,2026-07-10,外卖,7972.2,104
SHW24,2026-07-10,店内,8537.83,111
SHW24,2026-07-11,外卖,5581.44,83
SHW24,2026-07-11,店内,12895.29,96
SHW24,2026-07-12,外卖,5112.6,59
SHW24,2026-07-12,店内,8043.9,105
SHW25,2026-07-09,外卖,2458.6,32
SHW25,2026-07-09,店内,5910.89,61
SHW25,2026-07-10,外卖,2526.2,39
SHW25,2026-07-10,店内,5779.53,82
SHW25,2026-07-11,外卖,487.5,7
SHW25,2026-07-11,店内,1363.86,13
SHW26,2026-07-09,外卖,4852.6,50
SHW26,2026-07-09,店内,2930.54,38
SHW26,2026-07-10,外卖,5608.61,67
SHW26,2026-07-10,店内,2514.56,30
SHW26,2026-07-11,外卖,3275.4,29
SHW26,2026-07-11,店内,1284.15,17
SHW26,2026-07-12,外卖,2587.5,22
SHW26,2026-07-12,店内,389.08,8
SHW27,2026-07-09,外卖,6025.7,94
SHW27,2026-07-09,店内,4851.56,74
SHW27,2026-07-10,外卖,6247.9,89
SHW27,2026-07-10,店内,5466.59,70
SHW27,2026-07-11,外卖,3408.7,51
SHW27,2026-07-11,店内,2493.5,29
SHW27,2026-07-12,外卖,2948.1,50
SHW27,2026-07-12,店内,2055.71,32
SHW29,2026-07-09,外卖,7698.6,114
SHW29,2026-07-09,店内,21201.93,237
SHW29,2026-07-10,外卖,8264.9,101
SHW29,2026-07-10,店内,20426.57,228
SHW31,2026-07-09,外卖,5948.0,65
SHW31,2026-07-09,店内,10721.56,141
SHW31,2026-07-10,外卖,4900.7,59
SHW31,2026-07-10,店内,11667.6,179
SHW31,2026-07-11,外卖,3703.2,45
SHW31,2026-07-11,店内,10995.7,143
SHW31,2026-07-12,外卖,3515.1,45
SHW31,2026-07-12,店内,8214.22,97
SHW33,2026-07-09,外卖,14667.5,162
SHW33,2026-07-09,店内,9046.05,95
SHW33,2026-07-10,外卖,13138.4,162
SHW33,2026-07-10,店内,11865.94,129
SHW33,2026-07-11,外卖,10889.8,124
SHW33,2026-07-11,店内,3080.74,39
SHW33,2026-07-12,外卖,11019.7,124
SHW33,2026-07-12,店内,2275.58,27
SHW35,2026-07-09,外卖,8436.9,130
SHW35,2026-07-09,店内,9067.85,138
SHW35,2026-07-10,外卖,7635.7,106
SHW35,2026-07-10,店内,10967.39,149
SHW35,2026-07-11,外卖,5978.8,82
SHW35,2026-07-11,店内,6049.24,91
SHW35,2026-07-12,外卖,6764.9,75
SHW35,2026-07-12,店内,4391.04,65
SHW37,2026-07-09,店内,16502.55,1
SHW37,2026-07-10,店内,16918.7,1
SHW37,2026-07-11,店内,10637.7,1
SHW37,2026-07-12,店内,12725.25,1
SHW38,2026-07-09,外卖,8459.2,113
SHW38,2026-07-09,店内,13863.64,159
SHW38,2026-07-10,外卖,8805.7,116
SHW38,2026-07-10,店内,15922.16,205
SHW40,2026-07-09,外卖,5095.6,68
SHW40,2026-07-09,店内,7485.5,107
SHW40,2026-07-10,外卖,5525.25,66
SHW40,2026-07-10,店内,9816.48,116
SHW40,2026-07-11,外卖,5130.8,61
SHW40,2026-07-11,店内,7338.54,86
SHW40,2026-07-12,外卖,4536.5,56
SHW40,2026-07-12,店内,4915.07,67
SHW45,2026-07-09,外卖,10017.6,129
SHW45,2026-07-09,店内,7834.77,130
SHW45,2026-07-10,外卖,8857.4,131
SHW45,2026-07-10,店内,10324.03,158
SHW45,2026-07-11,外卖,8590.9,101
SHW45,2026-07-11,店内,10605.57,151
SHW45,2026-07-12,外卖,5910.3,77
SHW45,2026-07-12,店内,6094.64,100
SHW46,2026-07-09,外卖,6983.8,94
SHW46,2026-07-09,店内,9335.74,136
SHW46,2026-07-10,外卖,9311.74,104
SHW46,2026-07-10,店内,11128.27,152
SHW46,2026-07-11,外卖,8639.34,94
SHW46,2026-07-11,店内,6354.31,91
SHW46,2026-07-12,外卖,6561.7,84
SHW46,2026-07-12,店内,4933.01,73
SHW47,2026-07-09,外卖,3564.7,55
SHW47,2026-07-09,店内,4618.13,68
SHW47,2026-07-10,外卖,4015.7,56
SHW47,2026-07-10,店内,5611.41,79
SHW47,2026-07-11,外卖,3006.5,38
SHW47,2026-07-11,店内,7166.18,84
SHW47,2026-07-12,外卖,4236.6,58
SHW47,2026-07-12,店内,3036.35,53
SHW48,2026-07-09,外卖,10459.2,141
SHW48,2026-07-09,店内,4868.47,74
SHW48,2026-07-10,外卖,8387.9,118
SHW48,2026-07-10,店内,4843.01,68
SHW48,2026-07-11,外卖,6033.5,76
SHW48,2026-07-11,店内,4758.23,52
SHW48,2026-07-12,外卖,5785.9,71
SHW48,2026-07-12,店内,3392.65,42
SHW49,2026-07-09,外卖,5643.7,64
SHW49,2026-07-09,店内,11647.06,146
SHW49,2026-07-10,外卖,5744.57,67
SHW49,2026-07-10,店内,13978.69,175
SHW49,2026-07-11,外卖,1946.5,21
SHW49,2026-07-11,店内,8831.68,122
SHW49,2026-07-12,外卖,2529.2,27
SHW49,2026-07-12,店内,6542.8,83
SHW50,2026-07-09,外卖,7911.0,114
SHW50,2026-07-09,店内,11400.8,152
SHW50,2026-07-10,外卖,6480.6,97
SHW50,2026-07-10,店内,12646.53,161
SHW50,2026-07-11,外卖,4150.9,53
SHW50,2026-07-11,店内,6514.6,82
SHW50,2026-07-12,外卖,2499.5,30
SHW50,2026-07-12,店内,3818.01,56
SHW51,2026-07-09,外卖,7404.4,109
SHW51,2026-07-09,店内,5832.79,59
SHW51,2026-07-10,外卖,8274.2,94
SHW51,2026-07-10,店内,5234.98,71
SHW51,2026-07-11,外卖,6580.26,89
SHW51,2026-07-11,店内,5179.31,50
SHW51,2026-07-12,外卖,7326.3,98
SHW51,2026-07-12,店内,4497.58,42
SHW52,2026-07-09,外卖,2830.2,41
SHW52,2026-07-09,店内,5721.95,45
SHW52,2026-07-10,外卖,3164.7,44
SHW52,2026-07-10,店内,3967.54,43
SHW52,2026-07-11,外卖,1168.0,14
SHW52,2026-07-11,店内,416.95,6
SHW52,2026-07-12,外卖,1413.9,22
SHW52,2026-07-12,店内,117.9,3
SHW53,2026-07-09,外卖,3198.7,43
SHW53,2026-07-09,店内,5290.84,54
SHW53,2026-07-10,外卖,3718.2,51
SHW53,2026-07-10,店内,4967.99,49
SHW54,2026-07-09,外卖,12434.2,167
SHW54,2026-07-09,店内,9607.67,98
SHW54,2026-07-10,外卖,11331.2,153
SHW54,2026-07-10,店内,10701.32,119
SHW54,2026-07-11,外卖,5761.8,85
SHW54,2026-07-11,店内,5000.72,71
SHW54,2026-07-12,外卖,5858.5,71
SHW54,2026-07-12,店内,4793.27,49
SHW57,2026-07-09,外卖,9697.0,112
SHW57,2026-07-09,店内,5751.01,71
SHW57,2026-07-10,外卖,6576.05,96
SHW57,2026-07-10,店内,11539.94,132
SHW57,2026-07-11,外卖,3436.3,51
SHW57,2026-07-11,店内,5089.9,53
SHW57,2026-07-12,外卖,2466.4,48
SHW57,2026-07-12,店内,3214.44,39
SHW59,2026-07-09,外卖,10379.5,136
SHW59,2026-07-09,店内,9021.0,135
SHW59,2026-07-10,外卖,9558.3,114
SHW59,2026-07-10,店内,10603.23,138
SHW59,2026-07-11,外卖,7834.82,109
SHW59,2026-07-11,店内,9869.24,140
SHW59,2026-07-12,外卖,5336.7,65
SHW59,2026-07-12,店内,5524.82,76
SHW6,2026-07-09,外卖,6108.4,79
SHW6,2026-07-09,店内,11909.81,137
SHW6,2026-07-10,外卖,4919.2,69
SHW6,2026-07-10,店内,17218.23,205
SHW6,2026-07-11,外卖,1878.5,25
SHW6,2026-07-11,店内,5214.43,64
SHW6,2026-07-12,外卖,1768.6,18
SHW6,2026-07-12,店内,3529.66,42
SHW60,2026-07-09,外卖,2393.9,32
SHW60,2026-07-09,店内,5613.01,55
SHW60,2026-07-10,外卖,2212.1,30
SHW60,2026-07-10,店内,4653.47,54
SHW60,2026-07-11,外卖,662.5,9
SHW60,2026-07-11,店内,1147.88,13
SHW60,2026-07-12,外卖,537.4,6
SHW60,2026-07-12,店内,618.0,5
SHW65,2026-07-09,外卖,8641.2,118
SHW65,2026-07-09,店内,3894.22,53
SHW65,2026-07-10,外卖,7631.2,103
SHW65,2026-07-10,店内,4930.21,66
SHW65,2026-07-11,外卖,8302.2,107
SHW65,2026-07-11,店内,5845.09,84
SHW65,2026-07-12,外卖,6765.9,77
SHW65,2026-07-12,店内,5054.76,54
SHW66,2026-07-09,外卖,14820.3,180
SHW66,2026-07-09,店内,5208.85,61
SHW66,2026-07-10,外卖,13846.3,183
SHW66,2026-07-10,店内,10151.21,124
SHW66,2026-07-11,外卖,12578.7,160
SHW66,2026-07-11,店内,9041.42,99
SHW66,2026-07-12,外卖,13336.8,161
SHW66,2026-07-12,店内,6276.15,79
SHW69,2026-07-09,外卖,5826.2,75
SHW69,2026-07-09,店内,4975.67,47
SHW69,2026-07-10,外卖,5243.22,68
SHW69,2026-07-10,店内,6002.32,59
SHW69,2026-07-11,外卖,4377.81,54
SHW69,2026-07-11,店内,2369.6,31
SHW69,2026-07-12,外卖,5128.62,62
SHW69,2026-07-12,店内,2912.08,30
SHW7,2026-07-09,外卖,13012.6,163
SHW7,2026-07-09,店内,5192.23,58
SHW7,2026-07-10,外卖,11759.9,147
SHW7,2026-07-10,店内,4600.03,64
SHW7,2026-07-11,外卖,10964.1,130
SHW7,2026-07-11,店内,6975.49,76
SHW7,2026-07-12,外卖,8756.9,91
SHW7,2026-07-12,店内,5136.17,56
SHW71,2026-07-09,外卖,7113.75,118
SHW71,2026-07-09,店内,4737.48,50
SHW71,2026-07-10,外卖,5974.1,95
SHW71,2026-07-10,店内,5808.19,71
SHW71,2026-07-11,外卖,3228.1,47
SHW71,2026-07-11,店内,1396.7,14
SHW74,2026-07-09,外卖,3782.1,53
SHW74,2026-07-09,店内,7197.73,88
SHW74,2026-07-10,外卖,3492.3,50
SHW74,2026-07-10,店内,8225.44,102
SHW74,2026-07-11,外卖,2870.0,33
SHW74,2026-07-11,店内,2984.83,42
SHW74,2026-07-12,外卖,2967.8,25
SHW74,2026-07-12,店内,2156.27,32
SHW77,2026-07-09,外卖,11525.0,132
SHW77,2026-07-09,店内,12443.34,173
SHW77,2026-07-10,外卖,5878.7,89
SHW77,2026-07-10,店内,13379.75,190
SHW77,2026-07-11,外卖,3755.4,46
SHW77,2026-07-11,店内,6883.78,118
SHW77,2026-07-12,外卖,3466.0,53
SHW77,2026-07-12,店内,4604.85,69
SHW8,2026-07-09,外卖,14296.4,175
SHW8,2026-07-09,店内,6133.82,92
SHW8,2026-07-10,外卖,13102.2,158
SHW8,2026-07-10,店内,7904.03,116
SHW8,2026-07-11,外卖,10048.01,121
SHW8,2026-07-11,店内,7851.56,121
SHW8,2026-07-12,外卖,8664.6,114
SHW8,2026-07-12,店内,3215.41,54
SHW80,2026-07-09,外卖,4698.2,62
SHW80,2026-07-09,店内,7990.7,78
SHW80,2026-07-10,外卖,3570.6,49
SHW80,2026-07-10,店内,9761.35,117
SHW81,2026-07-09,外卖,7485.9,90
SHW81,2026-07-09,店内,6775.11,80
SHW81,2026-07-10,外卖,5986.8,71
SHW81,2026-07-10,店内,7242.77,89
SHW81,2026-07-11,外卖,6104.7,74
SHW81,2026-07-11,店内,1973.93,22
SHW81,2026-07-12,外卖,4269.8,53
SHW81,2026-07-12,店内,1104.9,14
SHW82,2026-07-09,外卖,12709.5,157
SHW82,2026-07-09,店内,6873.3,79
SHW82,2026-07-10,外卖,10634.21,138
SHW82,2026-07-10,店内,8804.58,109
SHW82,2026-07-11,外卖,5688.0,59
SHW82,2026-07-11,店内,3976.83,49
SHW82,2026-07-12,外卖,3881.8,41
SHW82,2026-07-12,店内,2737.14,38
SHW83,2026-07-09,外卖,14077.2,184
SHW83,2026-07-09,店内,5020.14,55
SHW83,2026-07-10,外卖,13308.9,170
SHW83,2026-07-10,店内,5844.93,73
SHW83,2026-07-11,外卖,14199.0,180
SHW83,2026-07-11,店内,4986.1,65
SHW83,2026-07-12,外卖,12192.7,145
SHW83,2026-07-12,店内,4564.72,48
SHW84,2026-07-09,外卖,3869.07,79
SHW84,2026-07-09,店内,6914.83,81
SHW84,2026-07-10,外卖,4640.82,64
SHW84,2026-07-10,店内,4819.15,59
SHW85,2026-07-09,外卖,7683.61,102
SHW85,2026-07-09,店内,3171.35,26
SHW85,2026-07-10,外卖,8104.2,89
SHW85,2026-07-10,店内,3256.55,30
SHW86,2026-07-09,外卖,10095.8,101
SHW86,2026-07-09,店内,5563.28,57
SHW86,2026-07-10,外卖,6551.3,91
SHW86,2026-07-10,店内,7144.86,77
SHW86,2026-07-11,外卖,1834.5,22
SHW86,2026-07-11,店内,759.88,8
SHW87,2026-07-09,外卖,6540.4,95
SHW87,2026-07-09,店内,3833.9,44
SHW87,2026-07-10,外卖,6818.7,87
SHW87,2026-07-10,店内,5033.16,65
SHW87,2026-07-11,外卖,4973.0,79
SHW87,2026-07-11,店内,4363.58,42
SHW87,2026-07-12,外卖,5032.2,66
SHW87,2026-07-12,店内,3246.45,30
SHW89,2026-07-09,外卖,8807.3,88
SHW89,2026-07-09,店内,7615.7,79
SHW89,2026-07-10,外卖,4180.7,63
SHW89,2026-07-10,店内,7282.91,96
SHW89,2026-07-11,外卖,3632.0,52
SHW89,2026-07-11,店内,2231.52,30
SHW89,2026-07-12,外卖,3195.5,41
SHW89,2026-07-12,店内,825.0,12
SHW90,2026-07-09,外卖,5832.3,75
SHW90,2026-07-09,店内,4486.69,70
SHW90,2026-07-10,外卖,7593.86,107
SHW90,2026-07-10,店内,6296.88,92
SHW90,2026-07-11,外卖,5461.8,80
SHW90,2026-07-11,店内,7600.66,116
SHW90,2026-07-12,外卖,2264.0,26
SHW90,2026-07-12,店内,2890.36,39
SHW91,2026-07-09,外卖,3129.1,43
SHW91,2026-07-09,店内,8006.05,126
SHW91,2026-07-10,外卖,3478.6,46
SHW91,2026-07-10,店内,10029.15,129
SHW91,2026-07-11,外卖,2773.5,33
SHW91,2026-07-11,店内,9044.3,121
SHW91,2026-07-12,外卖,2090.3,26
SHW91,2026-07-12,店内,3331.26,55
SHW92,2026-07-09,外卖,9432.0,130
SHW92,2026-07-09,店内,5180.3,58
SHW92,2026-07-10,外卖,12056.2,144
SHW92,2026-07-10,店内,6920.86,95
SHW92,2026-07-11,外卖,9303.47,118
SHW92,2026-07-11,店内,5177.01,50
SHW92,2026-07-12,外卖,8301.8,104
SHW92,2026-07-12,店内,2287.89,22
SHW93,2026-07-09,外卖,7005.2,93
SHW93,2026-07-09,店内,6011.6,80
SHW93,2026-07-10,外卖,6245.7,68
SHW93,2026-07-10,店内,5881.0,81
SHW93,2026-07-11,外卖,3849.6,55
SHW93,2026-07-11,店内,3842.3,56
SHW93,2026-07-12,外卖,3122.1,38
SHW93,2026-07-12,店内,4854.75,68
SHW94,2026-07-09,外卖,2917.6,41
SHW94,2026-07-09,店内,7313.83,84
SHW94,2026-07-10,外卖,3176.4,44
SHW94,2026-07-10,店内,6212.36,89
SHW94,2026-07-11,外卖,3063.7,37
SHW94,2026-07-11,店内,2920.93,33
SHW94,2026-07-12,外卖,3734.3,52
SHW94,2026-07-12,店内,1656.67,23
SHW96,2026-07-09,外卖,6900.1,98
SHW96,2026-07-09,店内,11126.5,128
SHW96,2026-07-10,外卖,7732.2,108
SHW96,2026-07-10,店内,12257.3,152
SHW96,2026-07-11,外卖,2921.74,39
SHW96,2026-07-11,店内,2829.57,37
SHW96,2026-07-12,外卖,2623.0,38
SHW96,2026-07-12,店内,1792.25,19
SHW97,2026-07-09,外卖,9364.4,131
SHW97,2026-07-09,店内,6177.8,69
SHW97,2026-07-10,外卖,10577.5,119
SHW97,2026-07-10,店内,6892.31,93
SHW97,2026-07-11,外卖,5178.1,65
SHW97,2026-07-11,店内,825.04,8
SHW97,2026-07-12,外卖,3742.9,44
SHW97,2026-07-12,店内,1463.54,19
SHW98,2026-07-09,外卖,7910.4,88
SHW98,2026-07-09,店内,5639.06,72
SHW98,2026-07-10,外卖,7355.76,95
SHW98,2026-07-10,店内,4754.27,64
SHW98,2026-07-11,外卖,2986.3,32
SHW98,2026-07-11,店内,1574.3,18
SHW99,2026-07-09,外卖,6333.4,86
SHW99,2026-07-09,店内,2390.89,26
SHW99,2026-07-10,外卖,7405.0,94
SHW99,2026-07-10,店内,4842.32,56
SHW99,2026-07-11,外卖,6309.3,84
SHW99,2026-07-11,店内,3179.74,40
SHW99,2026-07-12,外卖,5274.9,68
SHW99,2026-07-12,店内,3356.9,43
SUZBS2,2026-07-09,外卖,4884.0,68
SUZBS2,2026-07-09,店内,5877.89,74
SUZBS2,2026-07-10,外卖,5824.1,73
SUZBS2,2026-07-10,店内,5403.89,85
SUZBS2,2026-07-11,外卖,4702.7,61
SUZBS2,2026-07-11,店内,7028.47,88
SUZBS2,2026-07-12,外卖,4193.7,42
SUZBS2,2026-07-12,店内,4188.62,60
SUZBS3,2026-07-09,外卖,3051.5,39
SUZBS3,2026-07-09,店内,2277.01,36
SUZBS3,2026-07-10,外卖,2738.6,37
SUZBS3,2026-07-10,店内,1832.0,26
SUZBS3,2026-07-11,外卖,2963.6,34
SUZBS3,2026-07-11,店内,3458.8,56
SUZBS3,2026-07-12,外卖,3813.8,41
SUZBS3,2026-07-12,店内,1955.71,35
SUZBS6,2026-07-09,外卖,7471.1,86
SUZBS6,2026-07-09,店内,3499.37,50
SUZBS6,2026-07-10,外卖,7516.4,95
SUZBS6,2026-07-10,店内,4304.35,56
SUZBS6,2026-07-11,外卖,7295.9,81
SUZBS6,2026-07-11,店内,5862.99,87
SUZBS6,2026-07-12,外卖,4891.7,55
SUZBS6,2026-07-12,店内,5703.77,82
SUZW10,2026-07-09,外卖,3244.4,35
SUZW10,2026-07-09,店内,9639.96,98
SUZW10,2026-07-10,外卖,3792.6,48
SUZW10,2026-07-10,店内,9421.05,102
SUZW10,2026-07-11,外卖,2834.0,27
SUZW10,2026-07-11,店内,12448.56,129
SUZW10,2026-07-12,外卖,1662.5,16
SUZW10,2026-07-12,店内,7861.14,87
SUZW5,2026-07-09,外卖,6343.2,79
SUZW5,2026-07-09,店内,4228.84,38
SUZW5,2026-07-10,外卖,5330.5,78
SUZW5,2026-07-10,店内,3409.2,38
SUZW5,2026-07-11,外卖,7151.8,89
SUZW5,2026-07-11,店内,3743.85,46
SUZW5,2026-07-12,外卖,4466.6,60
SUZW5,2026-07-12,店内,3105.0,36
SUZW6,2026-07-09,外卖,5362.81,63
SUZW6,2026-07-09,店内,7791.63,77
SUZW6,2026-07-10,外卖,4609.7,63
SUZW6,2026-07-10,店内,7135.08,82
SUZW6,2026-07-11,外卖,3655.3,43
SUZW6,2026-07-11,店内,4936.09,58
SUZW6,2026-07-12,外卖,3094.2,35
SUZW6,2026-07-12,店内,2684.41,32
SUZW7,2026-07-09,外卖,7038.4,82
SUZW7,2026-07-09,店内,3887.44,50
SUZW7,2026-07-10,外卖,8455.1,106
SUZW7,2026-07-10,店内,5734.22,67
SUZW7,2026-07-11,外卖,5927.6,75
SUZW7,2026-07-11,店内,2967.34,38
SUZW7,2026-07-12,外卖,5573.1,65
SUZW7,2026-07-12,店内,2333.4,25
SUZW9,2026-07-09,外卖,7127.1,93
SUZW9,2026-07-09,店内,4469.46,58
SUZW9,2026-07-10,外卖,7350.7,95
SUZW9,2026-07-10,店内,5052.99,64
SUZW9,2026-07-11,外卖,6868.8,89
SUZW9,2026-07-11,店内,4815.9,61
SUZW9,2026-07-12,外卖,4975.4,69
SUZW9,2026-07-12,店内,3639.11,46
SZBS2,2026-07-09,外卖,5423.6,74
SZBS2,2026-07-09,店内,7719.1,120
SZBS2,2026-07-10,外卖,4292.9,60
SZBS2,2026-07-10,店内,9756.95,162
SZBS2,2026-07-11,外卖,6324.6,83
SZBS2,2026-07-11,店内,23415.05,310
SZBS2,2026-07-12,外卖,5555.2,75
SZBS2,2026-07-12,店内,19712.03,265
SZBS6,2026-07-09,外卖,4218.5,69
SZBS6,2026-07-09,店内,5330.6,85
SZBS6,2026-07-10,外卖,4336.9,68
SZBS6,2026-07-10,店内,5301.45,71
SZBS6,2026-07-11,外卖,4487.6,57
SZBS6,2026-07-11,店内,3717.6,46
SZBS6,2026-07-12,外卖,4438.0,57
SZBS6,2026-07-12,店内,2347.87,35
SZBS7,2026-07-09,外卖,3658.9,57
SZBS7,2026-07-09,店内,5405.91,61
SZBS7,2026-07-10,外卖,6085.6,78
SZBS7,2026-07-10,店内,4570.54,59
SZBS7,2026-07-11,外卖,5280.6,79
SZBS7,2026-07-11,店内,7268.36,97
SZBS7,2026-07-12,外卖,5060.0,70
SZBS7,2026-07-12,店内,6953.0,91
SZBS8,2026-07-09,外卖,5708.2,90
SZBS8,2026-07-09,店内,6760.06,79
SZBS8,2026-07-10,外卖,6311.3,87
SZBS8,2026-07-10,店内,4877.94,71
SZBS8,2026-07-11,外卖,7376.9,89
SZBS8,2026-07-11,店内,5985.11,77
SZBS8,2026-07-12,外卖,6782.8,85
SZBS8,2026-07-12,店内,6840.66,81
SZLK1,2026-07-09,外卖,1421.0,12
SZLK1,2026-07-09,店内,12316.7,109
SZLK1,2026-07-10,外卖,2362.0,15
SZLK1,2026-07-10,店内,16463.02,135
SZLK1,2026-07-11,外卖,1817.0,13
SZLK1,2026-07-11,店内,45860.2,320
SZLK1,2026-07-12,外卖,2246.0,15
SZLK1,2026-07-12,店内,32190.85,220
SZW10,2026-07-09,外卖,14436.5,218
SZW10,2026-07-09,店内,7161.94,82
SZW10,2026-07-10,外卖,13468.55,210
SZW10,2026-07-10,店内,7779.64,112
SZW10,2026-07-11,外卖,12722.4,174
SZW10,2026-07-11,店内,12962.81,151
SZW10,2026-07-12,外卖,11109.34,148
SZW10,2026-07-12,店内,10796.65,124
SZW11,2026-07-09,外卖,8749.5,124
SZW11,2026-07-09,店内,9106.81,111
SZW11,2026-07-10,外卖,8882.8,125
SZW11,2026-07-10,店内,6909.29,91
SZW11,2026-07-11,外卖,4519.4,59
SZW11,2026-07-11,店内,2494.57,25
SZW11,2026-07-12,外卖,6634.6,60
SZW11,2026-07-12,店内,1850.3,23
SZW14,2026-07-09,外卖,8350.6,122
SZW14,2026-07-09,店内,8533.52,96
SZW14,2026-07-10,外卖,7581.28,108
SZW14,2026-07-10,店内,8645.23,113
SZW14,2026-07-11,外卖,8536.7,110
SZW14,2026-07-11,店内,11195.24,148
SZW14,2026-07-12,外卖,8845.4,117
SZW14,2026-07-12,店内,11674.23,154
SZW19,2026-07-09,外卖,3637.3,44
SZW19,2026-07-09,店内,4173.48,53
SZW19,2026-07-10,外卖,5159.06,59
SZW19,2026-07-10,店内,4198.97,59
SZW19,2026-07-11,外卖,2400.08,34
SZW19,2026-07-11,店内,7076.95,84
SZW19,2026-07-12,外卖,3955.5,46
SZW19,2026-07-12,店内,8141.04,100
SZW20,2026-07-09,外卖,4589.8,47
SZW20,2026-07-09,店内,3136.6,39
SZW20,2026-07-10,外卖,4428.0,54
SZW20,2026-07-10,店内,3586.68,45
SZW20,2026-07-11,外卖,3517.2,39
SZW20,2026-07-11,店内,4123.12,45
SZW20,2026-07-12,外卖,3826.2,45
SZW20,2026-07-12,店内,5694.37,71
SZW22,2026-07-09,外卖,2866.7,36
SZW22,2026-07-09,店内,9678.97,125
SZW22,2026-07-10,外卖,3718.0,43
SZW22,2026-07-10,店内,7284.42,102
SZW22,2026-07-11,外卖,2512.5,33
SZW22,2026-07-11,店内,7034.63,95
SZW22,2026-07-12,外卖,2803.1,33
SZW22,2026-07-12,店内,8868.47,108
SZW23,2026-07-09,外卖,4515.7,70
SZW23,2026-07-09,店内,7354.13,105
SZW23,2026-07-10,外卖,6393.9,82
SZW23,2026-07-10,店内,6768.23,101
SZW23,2026-07-11,外卖,5192.91,68
SZW23,2026-07-11,店内,10824.8,160
SZW23,2026-07-12,外卖,5568.21,76
SZW23,2026-07-12,店内,11242.22,167
SZW24,2026-07-09,外卖,5026.0,74
SZW24,2026-07-09,店内,5054.09,70
SZW24,2026-07-10,外卖,6373.56,80
SZW24,2026-07-10,店内,7472.35,93
SZW24,2026-07-11,外卖,3577.8,51
SZW24,2026-07-11,店内,4217.87,58
SZW24,2026-07-12,外卖,5636.6,78
SZW24,2026-07-12,店内,5519.97,74
SZW25,2026-07-09,外卖,2207.5,29
SZW25,2026-07-09,店内,3463.87,43
SZW25,2026-07-10,外卖,3798.5,48
SZW25,2026-07-10,店内,4968.5,57
SZW25,2026-07-11,外卖,1955.03,24
SZW25,2026-07-11,店内,10131.67,115
SZW25,2026-07-12,外卖,1803.59,20
SZW25,2026-07-12,店内,7924.87,96
SZW6,2026-07-09,外卖,7959.4,109
SZW6,2026-07-09,店内,8898.79,88
SZW6,2026-07-10,外卖,6536.42,107
SZW6,2026-07-10,店内,8219.42,96
SZW6,2026-07-11,外卖,5565.9,74
SZW6,2026-07-11,店内,6377.9,75
SZW6,2026-07-12,外卖,6078.62,91
SZW6,2026-07-12,店内,3619.7,40
SZW9,2026-07-09,外卖,10043.1,123
SZW9,2026-07-09,店内,8502.0,101
SZW9,2026-07-10,外卖,10218.9,130
SZW9,2026-07-10,店内,8138.22,96
SZW9,2026-07-11,外卖,10444.22,122
SZW9,2026-07-11,店内,8349.01,102
SZW9,2026-07-12,外卖,9569.6,111
SZW9,2026-07-12,店内,10312.98,119
TJW1,2026-07-09,外卖,7699.8,79
TJW1,2026-07-09,店内,7757.55,93
TJW1,2026-07-10,外卖,5418.8,55
TJW1,2026-07-10,店内,10272.53,111
TJW1,2026-07-11,外卖,6104.7,63
TJW1,2026-07-11,店内,12401.17,161
TJW1,2026-07-12,外卖,4708.4,44
TJW1,2026-07-12,店内,16640.1,197
TJW2,2026-07-09,外卖,6393.9,74
TJW2,2026-07-09,店内,3796.3,40
TJW2,2026-07-10,外卖,5653.8,69
TJW2,2026-07-10,店内,2771.19,32
TJW2,2026-07-11,外卖,4047.7,48
TJW2,2026-07-11,店内,3349.09,38
TJW2,2026-07-12,外卖,4110.1,45
TJW2,2026-07-12,店内,4070.2,53
TJW3,2026-07-09,外卖,5722.5,60
TJW3,2026-07-09,店内,3610.07,41
TJW3,2026-07-10,外卖,6148.9,71
TJW3,2026-07-10,店内,4217.43,46
TJW3,2026-07-11,外卖,5876.7,57
TJW3,2026-07-11,店内,4623.47,55
TJW3,2026-07-12,外卖,7044.7,68
TJW3,2026-07-12,店内,5020.57,57
TJW4,2026-07-09,外卖,3750.2,39
TJW4,2026-07-09,店内,5736.58,63
TJW4,2026-07-10,外卖,3056.9,40
TJW4,2026-07-10,店内,4440.11,50
TJW4,2026-07-11,外卖,3408.8,33
TJW4,2026-07-11,店内,5761.88,70
TJW4,2026-07-12,外卖,2650.1,32
TJW4,2026-07-12,店内,7436.4,79
WHW1,2026-07-09,外卖,3934.8,42
WHW1,2026-07-09,店内,4736.4,48
WHW1,2026-07-10,外卖,4035.1,41
WHW1,2026-07-10,店内,5395.9,74
WHW1,2026-07-11,外卖,2527.7,29
WHW1,2026-07-11,店内,5637.19,66
WHW1,2026-07-12,外卖,3823.7,42
WHW1,2026-07-12,店内,3422.1,39
WHW2,2026-07-09,外卖,4658.6,64
WHW2,2026-07-09,店内,5688.56,77
WHW2,2026-07-10,外卖,4526.0,64
WHW2,2026-07-10,店内,8275.36,105
WHW2,2026-07-11,外卖,4686.2,60
WHW2,2026-07-11,店内,5952.23,79
WHW2,2026-07-12,外卖,2721.8,37
WHW2,2026-07-12,店内,4569.49,54
WHW3,2026-07-09,外卖,7942.0,94
WHW3,2026-07-09,店内,6701.79,76
WHW3,2026-07-10,外卖,6951.4,86
WHW3,2026-07-10,店内,6687.34,84
WHW3,2026-07-11,外卖,6535.6,77
WHW3,2026-07-11,店内,9422.93,107
WHW3,2026-07-12,外卖,4630.3,52
WHW3,2026-07-12,店内,5534.21,73
WHW6,2026-07-09,外卖,1522.1,18
WHW6,2026-07-09,店内,5558.33,65
WHW6,2026-07-10,外卖,1943.6,22
WHW6,2026-07-10,店内,4333.62,49
WHW6,2026-07-11,外卖,996.6,15
WHW6,2026-07-11,店内,4612.05,59
WHW6,2026-07-12,外卖,994.6,13
WHW6,2026-07-12,店内,3604.67,45
WXW1,2026-07-09,外卖,7177.1,79
WXW1,2026-07-09,店内,8167.55,67
WXW1,2026-07-10,外卖,6338.81,80
WXW1,2026-07-10,店内,9607.48,94
WXW1,2026-07-11,外卖,7920.9,84
WXW1,2026-07-11,店内,8134.86,77
WXW1,2026-07-12,外卖,6732.7,75
WXW1,2026-07-12,店内,5919.85,58
WXW2,2026-07-09,外卖,2651.3,33
WXW2,2026-07-09,店内,6421.43,77
WXW2,2026-07-10,外卖,3887.0,46
WXW2,2026-07-10,店内,6821.25,88
WXW2,2026-07-11,外卖,4142.9,46
WXW2,2026-07-11,店内,8083.93,97
WXW2,2026-07-12,外卖,2816.7,41
WXW2,2026-07-12,店内,6092.07,62
WXW5,2026-07-09,外卖,6027.3,81
WXW5,2026-07-09,店内,3131.86,39
WXW5,2026-07-10,外卖,5725.0,72
WXW5,2026-07-10,店内,3830.67,47
WXW5,2026-07-11,外卖,6607.22,83
WXW5,2026-07-11,店内,2785.05,31
WXW5,2026-07-12,外卖,5386.1,59
WXW5,2026-07-12,店内,2197.57,22
WZW2,2026-07-09,外卖,5015.0,56
WZW2,2026-07-09,店内,4794.59,54
WZW2,2026-07-10,外卖,3389.6,44
WZW2,2026-07-10,店内,4369.29,52
WZW2,2026-07-12,外卖,3410.5,33
WZW2,2026-07-12,店内,4559.13,57
XIAW1,2026-07-09,外卖,5205.0,61
XIAW1,2026-07-09,店内,10494.61,116
XIAW1,2026-07-10,外卖,5769.5,74
XIAW1,2026-07-10,店内,10918.08,115
XIAW1,2026-07-11,外卖,4595.0,55
XIAW1,2026-07-11,店内,16911.22,172
XIAW1,2026-07-12,外卖,5573.8,53
XIAW1,2026-07-12,店内,13891.4,148
XIAW2,2026-07-09,外卖,5833.6,65
XIAW2,2026-07-09,店内,3866.25,37
XIAW2,2026-07-10,外卖,6148.8,83
XIAW2,2026-07-10,店内,5031.67,49
XIAW2,2026-07-11,外卖,6781.2,83
XIAW2,2026-07-11,店内,7451.26,88
XIAW2,2026-07-12,外卖,5816.6,70
XIAW2,2026-07-12,店内,7019.0,78
ZHBS1,2026-07-09,外卖,678.0,10
ZHBS1,2026-07-09,店内,1941.6,28
ZHBS1,2026-07-10,外卖,1726.5,24
ZHBS1,2026-07-10,店内,2432.2,35
ZHBS1,2026-07-11,外卖,1335.9,21
ZHBS1,2026-07-11,店内,6244.45,73
ZHBS1,2026-07-12,外卖,1506.4,15
ZHBS1,2026-07-12,店内,7600.01,86
ZHBS2,2026-07-09,外卖,1558.4,20
ZHBS2,2026-07-09,店内,6845.76,75
ZHBS2,2026-07-10,外卖,2778.1,34
ZHBS2,2026-07-10,店内,6546.17,83
ZHBS2,2026-07-11,外卖,2944.7,31
ZHBS2,2026-07-11,店内,10763.61,104
ZHBS2,2026-07-12,外卖,2483.4,29
ZHBS2,2026-07-12,店内,10998.41,109
